message	struct	field	offset	size
ENCODING_REQUEST	s_EncodingRequest	Size	0	2
ENCODING_REQUEST	s_EncodingRequest	Type	2	2
ENCODING_REQUEST	s_EncodingRequest	ProtocolVersion	4	4
ENCODING_REQUEST	s_EncodingRequest	Encoding	8	4
ENCODING_REQUEST	s_EncodingRequest	ProtocolType	12	4
ENCODING_REQUEST	s_EncodingRequest	__SIZE__	0	16
ENCODING_RESPONSE	s_EncodingResponse	Size	0	2
ENCODING_RESPONSE	s_EncodingResponse	Type	2	2
ENCODING_RESPONSE	s_EncodingResponse	ProtocolVersion	4	4
ENCODING_RESPONSE	s_EncodingResponse	Encoding	8	4
ENCODING_RESPONSE	s_EncodingResponse	ProtocolType	12	4
ENCODING_RESPONSE	s_EncodingResponse	__SIZE__	0	16
LOGON_REQUEST	s_LogonRequest	Size	0	2
LOGON_REQUEST	s_LogonRequest	Type	2	2
LOGON_REQUEST	s_LogonRequest	ProtocolVersion	4	4
LOGON_REQUEST	s_LogonRequest	Username	8	32
LOGON_REQUEST	s_LogonRequest	Password	40	32
LOGON_REQUEST	s_LogonRequest	GeneralTextData	72	64
LOGON_REQUEST	s_LogonRequest	Integer_1	136	4
LOGON_REQUEST	s_LogonRequest	Integer_2	140	4
LOGON_REQUEST	s_LogonRequest	HeartbeatIntervalInSeconds	144	4
LOGON_REQUEST	s_LogonRequest	Unused1	148	4
LOGON_REQUEST	s_LogonRequest	TradeAccount	152	32
LOGON_REQUEST	s_LogonRequest	HardwareIdentifier	184	64
LOGON_REQUEST	s_LogonRequest	ClientName	248	32
LOGON_REQUEST	s_LogonRequest	MarketDataTransmissionInterval	280	4
LOGON_REQUEST	s_LogonRequest	__SIZE__	0	284
LOGON_RESPONSE	s_LogonResponse	Size	0	2
LOGON_RESPONSE	s_LogonResponse	Type	2	2
LOGON_RESPONSE	s_LogonResponse	ProtocolVersion	4	4
LOGON_RESPONSE	s_LogonResponse	Result	8	4
LOGON_RESPONSE	s_LogonResponse	ResultText	12	96
LOGON_RESPONSE	s_LogonResponse	ReconnectAddress	108	64
LOGON_RESPONSE	s_LogonResponse	Integer_1	172	4
LOGON_RESPONSE	s_LogonResponse	ServerName	176	60
LOGON_RESPONSE	s_LogonResponse	MarketDepthUpdatesBestBidAndAsk	236	1
LOGON_RESPONSE	s_LogonResponse	TradingIsSupported	237	1
LOGON_RESPONSE	s_LogonResponse	OCOOrdersSupported	238	1
LOGON_RESPONSE	s_LogonResponse	OrderCancelReplaceSupported	239	1
LOGON_RESPONSE	s_LogonResponse	SymbolExchangeDelimiter	240	4
LOGON_RESPONSE	s_LogonResponse	SecurityDefinitionsSupported	244	1
LOGON_RESPONSE	s_LogonResponse	HistoricalPriceDataSupported	245	1
LOGON_RESPONSE	s_LogonResponse	ResubscribeWhenMarketDataFeedAvailable	246	1
LOGON_RESPONSE	s_LogonResponse	MarketDepthIsSupported	247	1
LOGON_RESPONSE	s_LogonResponse	OneHistoricalPriceDataRequestPerConnection	248	1
LOGON_RESPONSE	s_LogonResponse	BracketOrdersSupported	249	1
LOGON_RESPONSE	s_LogonResponse	Unused_1	250	1
LOGON_RESPONSE	s_LogonResponse	UsesMultiplePositionsPerSymbolAndTradeAccount	251	1
LOGON_RESPONSE	s_LogonResponse	MarketDataSupported	252	1
LOGON_RESPONSE	s_LogonResponse	__SIZE__	0	256
LOGOFF	s_Logoff	Size	0	2
LOGOFF	s_Logoff	Type	2	2
LOGOFF	s_Logoff	Reason	4	96
LOGOFF	s_Logoff	DoNotReconnect	100	1
LOGOFF	s_Logoff	__SIZE__	0	102
HEARTBEAT	s_Heartbeat	Size	0	2
HEARTBEAT	s_Heartbeat	Type	2	2
HEARTBEAT	s_Heartbeat	NumDroppedMessages	4	4
HEARTBEAT	s_Heartbeat	CurrentDateTime	8	8
HEARTBEAT	s_Heartbeat	__SIZE__	0	16
MARKET_DATA_FEED_STATUS	s_MarketDataFeedStatus	Size	0	2
MARKET_DATA_FEED_STATUS	s_MarketDataFeedStatus	Type	2	2
MARKET_DATA_FEED_STATUS	s_MarketDataFeedStatus	Status	4	4
MARKET_DATA_FEED_STATUS	s_MarketDataFeedStatus	__SIZE__	0	8
MARKET_DATA_FEED_SYMBOL_STATUS	s_MarketDataFeedSymbolStatus	Size	0	2
MARKET_DATA_FEED_SYMBOL_STATUS	s_MarketDataFeedSymbolStatus	Type	2	2
MARKET_DATA_FEED_SYMBOL_STATUS	s_MarketDataFeedSymbolStatus	SymbolID	4	4
MARKET_DATA_FEED_SYMBOL_STATUS	s_MarketDataFeedSymbolStatus	Status	8	4
MARKET_DATA_FEED_SYMBOL_STATUS	s_MarketDataFeedSymbolStatus	__SIZE__	0	12
TRADING_SYMBOL_STATUS	s_TradingSymbolStatus	Size	0	2
TRADING_SYMBOL_STATUS	s_TradingSymbolStatus	Type	2	2
TRADING_SYMBOL_STATUS	s_TradingSymbolStatus	SymbolID	4	4
TRADING_SYMBOL_STATUS	s_TradingSymbolStatus	Status	8	1
TRADING_SYMBOL_STATUS	s_TradingSymbolStatus	__SIZE__	0	12
MARKET_DATA_REQUEST	s_MarketDataRequest	Size	0	2
MARKET_DATA_REQUEST	s_MarketDataRequest	Type	2	2
MARKET_DATA_REQUEST	s_MarketDataRequest	RequestAction	4	4
MARKET_DATA_REQUEST	s_MarketDataRequest	SymbolID	8	4
MARKET_DATA_REQUEST	s_MarketDataRequest	Symbol	12	64
MARKET_DATA_REQUEST	s_MarketDataRequest	Exchange	76	16
MARKET_DATA_REQUEST	s_MarketDataRequest	IntervalForSnapshotUpdatesInMilliseconds	92	4
MARKET_DATA_REQUEST	s_MarketDataRequest	__SIZE__	0	96
MARKET_DEPTH_REQUEST	s_MarketDepthRequest	Size	0	2
MARKET_DEPTH_REQUEST	s_MarketDepthRequest	Type	2	2
MARKET_DEPTH_REQUEST	s_MarketDepthRequest	RequestAction	4	4
MARKET_DEPTH_REQUEST	s_MarketDepthRequest	SymbolID	8	4
MARKET_DEPTH_REQUEST	s_MarketDepthRequest	Symbol	12	64
MARKET_DEPTH_REQUEST	s_MarketDepthRequest	Exchange	76	16
MARKET_DEPTH_REQUEST	s_MarketDepthRequest	NumLevels	92	4
MARKET_DEPTH_REQUEST	s_MarketDepthRequest	__SIZE__	0	96
MARKET_DATA_REJECT	s_MarketDataReject	Size	0	2
MARKET_DATA_REJECT	s_MarketDataReject	Type	2	2
MARKET_DATA_REJECT	s_MarketDataReject	SymbolID	4	4
MARKET_DATA_REJECT	s_MarketDataReject	RejectText	8	96
MARKET_DATA_REJECT	s_MarketDataReject	__SIZE__	0	104
MARKET_DATA_SNAPSHOT	s_MarketDataSnapshot	Size	0	2
MARKET_DATA_SNAPSHOT	s_MarketDataSnapshot	Type	2	2
MARKET_DATA_SNAPSHOT	s_MarketDataSnapshot	SymbolID	4	4
MARKET_DATA_SNAPSHOT	s_MarketDataSnapshot	SessionSettlementPrice	8	8
MARKET_DATA_SNAPSHOT	s_MarketDataSnapshot	SessionOpenPrice	16	8
MARKET_DATA_SNAPSHOT	s_MarketDataSnapshot	SessionHighPrice	24	8
MARKET_DATA_SNAPSHOT	s_MarketDataSnapshot	SessionLowPrice	32	8
MARKET_DATA_SNAPSHOT	s_MarketDataSnapshot	SessionVolume	40	8
MARKET_DATA_SNAPSHOT	s_MarketDataSnapshot	SessionNumTrades	48	4
MARKET_DATA_SNAPSHOT	s_MarketDataSnapshot	OpenInterest	52	4
MARKET_DATA_SNAPSHOT	s_MarketDataSnapshot	BidPrice	56	8
MARKET_DATA_SNAPSHOT	s_MarketDataSnapshot	AskPrice	64	8
MARKET_DATA_SNAPSHOT	s_MarketDataSnapshot	AskQuantity	72	8
MARKET_DATA_SNAPSHOT	s_MarketDataSnapshot	BidQuantity	80	8
MARKET_DATA_SNAPSHOT	s_MarketDataSnapshot	LastTradePrice	88	8
MARKET_DATA_SNAPSHOT	s_MarketDataSnapshot	LastTradeVolume	96	8
MARKET_DATA_SNAPSHOT	s_MarketDataSnapshot	LastTradeDateTime	104	8
MARKET_DATA_SNAPSHOT	s_MarketDataSnapshot	BidAskDateTime	112	8
MARKET_DATA_SNAPSHOT	s_MarketDataSnapshot	SessionSettlementDateTime	120	4
MARKET_DATA_SNAPSHOT	s_MarketDataSnapshot	TradingSessionDate	124	4
MARKET_DATA_SNAPSHOT	s_MarketDataSnapshot	TradingStatus	128	1
MARKET_DATA_SNAPSHOT	s_MarketDataSnapshot	MarketDepthUpdateDateTime	136	8
MARKET_DATA_SNAPSHOT	s_MarketDataSnapshot	__SIZE__	0	144
MARKET_DEPTH_SNAPSHOT_LEVEL	s_MarketDepthSnapshotLevel	Size	0	2
MARKET_DEPTH_SNAPSHOT_LEVEL	s_MarketDepthSnapshotLevel	Type	2	2
MARKET_DEPTH_SNAPSHOT_LEVEL	s_MarketDepthSnapshotLevel	SymbolID	4	4
MARKET_DEPTH_SNAPSHOT_LEVEL	s_MarketDepthSnapshotLevel	Side	8	2
MARKET_DEPTH_SNAPSHOT_LEVEL	s_MarketDepthSnapshotLevel	Price	16	8
MARKET_DEPTH_SNAPSHOT_LEVEL	s_MarketDepthSnapshotLevel	Quantity	24	8
MARKET_DEPTH_SNAPSHOT_LEVEL	s_MarketDepthSnapshotLevel	Level	32	2
MARKET_DEPTH_SNAPSHOT_LEVEL	s_MarketDepthSnapshotLevel	IsFirstMessageInBatch	34	1
MARKET_DEPTH_SNAPSHOT_LEVEL	s_MarketDepthSnapshotLevel	IsLastMessageInBatch	35	1
MARKET_DEPTH_SNAPSHOT_LEVEL	s_MarketDepthSnapshotLevel	DateTime	40	8
MARKET_DEPTH_SNAPSHOT_LEVEL	s_MarketDepthSnapshotLevel	NumOrders	48	4
MARKET_DEPTH_SNAPSHOT_LEVEL	s_MarketDepthSnapshotLevel	__SIZE__	0	56
MARKET_DEPTH_SNAPSHOT_LEVEL_FLOAT	s_MarketDepthSnapshotLevelFloat	Size	0	2
MARKET_DEPTH_SNAPSHOT_LEVEL_FLOAT	s_MarketDepthSnapshotLevelFloat	Type	2	2
MARKET_DEPTH_SNAPSHOT_LEVEL_FLOAT	s_MarketDepthSnapshotLevelFloat	SymbolID	4	4
MARKET_DEPTH_SNAPSHOT_LEVEL_FLOAT	s_MarketDepthSnapshotLevelFloat	Price	8	4
MARKET_DEPTH_SNAPSHOT_LEVEL_FLOAT	s_MarketDepthSnapshotLevelFloat	Quantity	12	4
MARKET_DEPTH_SNAPSHOT_LEVEL_FLOAT	s_MarketDepthSnapshotLevelFloat	NumOrders	16	4
MARKET_DEPTH_SNAPSHOT_LEVEL_FLOAT	s_MarketDepthSnapshotLevelFloat	Level	20	2
MARKET_DEPTH_SNAPSHOT_LEVEL_FLOAT	s_MarketDepthSnapshotLevelFloat	Side	22	1
MARKET_DEPTH_SNAPSHOT_LEVEL_FLOAT	s_MarketDepthSnapshotLevelFloat	FinalUpdateInBatch	23	1
MARKET_DEPTH_SNAPSHOT_LEVEL_FLOAT	s_MarketDepthSnapshotLevelFloat	__SIZE__	0	24
MARKET_DEPTH_UPDATE_LEVEL_V2	s_MarketDepthUpdateLevelV2	Size	0	2
MARKET_DEPTH_UPDATE_LEVEL_V2	s_MarketDepthUpdateLevelV2	Type	2	2
MARKET_DEPTH_UPDATE_LEVEL_V2	s_MarketDepthUpdateLevelV2	SymbolID	4	4
MARKET_DEPTH_UPDATE_LEVEL_V2	s_MarketDepthUpdateLevelV2	DateTime	8	8
MARKET_DEPTH_UPDATE_LEVEL_V2	s_MarketDepthUpdateLevelV2	Price	16	8
MARKET_DEPTH_UPDATE_LEVEL_V2	s_MarketDepthUpdateLevelV2	Quantity	24	8
MARKET_DEPTH_UPDATE_LEVEL_V2	s_MarketDepthUpdateLevelV2	NumOrders	32	2
MARKET_DEPTH_UPDATE_LEVEL_V2	s_MarketDepthUpdateLevelV2	Level	34	2
MARKET_DEPTH_UPDATE_LEVEL_V2	s_MarketDepthUpdateLevelV2	Side	36	1
MARKET_DEPTH_UPDATE_LEVEL_V2	s_MarketDepthUpdateLevelV2	UpdateType	37	1
MARKET_DEPTH_UPDATE_LEVEL_V2	s_MarketDepthUpdateLevelV2	FinalUpdateInBatch	38	1
MARKET_DEPTH_UPDATE_LEVEL_V2	s_MarketDepthUpdateLevelV2	__SIZE__	0	39
MARKET_DEPTH_UPDATE_LEVEL_FLOAT_WITH_MILLISECONDS	s_MarketDepthUpdateLevelFloatWithMilliseconds	Size	0	2
MARKET_DEPTH_UPDATE_LEVEL_FLOAT_WITH_MILLISECONDS	s_MarketDepthUpdateLevelFloatWithMilliseconds	Type	2	2
MARKET_DEPTH_UPDATE_LEVEL_FLOAT_WITH_MILLISECONDS	s_MarketDepthUpdateLevelFloatWithMilliseconds	SymbolID	4	4
MARKET_DEPTH_UPDATE_LEVEL_FLOAT_WITH_MILLISECONDS	s_MarketDepthUpdateLevelFloatWithMilliseconds	DateTime	8	8
MARKET_DEPTH_UPDATE_LEVEL_FLOAT_WITH_MILLISECONDS	s_MarketDepthUpdateLevelFloatWithMilliseconds	Price	16	4
MARKET_DEPTH_UPDATE_LEVEL_FLOAT_WITH_MILLISECONDS	s_MarketDepthUpdateLevelFloatWithMilliseconds	Quantity	20	4
MARKET_DEPTH_UPDATE_LEVEL_FLOAT_WITH_MILLISECONDS	s_MarketDepthUpdateLevelFloatWithMilliseconds	Side	24	1
MARKET_DEPTH_UPDATE_LEVEL_FLOAT_WITH_MILLISECONDS	s_MarketDepthUpdateLevelFloatWithMilliseconds	UpdateType	25	1
MARKET_DEPTH_UPDATE_LEVEL_FLOAT_WITH_MILLISECONDS	s_MarketDepthUpdateLevelFloatWithMilliseconds	NumOrders	26	2
MARKET_DEPTH_UPDATE_LEVEL_FLOAT_WITH_MILLISECONDS	s_MarketDepthUpdateLevelFloatWithMilliseconds	FinalUpdateInBatch	28	1
MARKET_DEPTH_UPDATE_LEVEL_FLOAT_WITH_MILLISECONDS	s_MarketDepthUpdateLevelFloatWithMilliseconds	Level	29	2
MARKET_DEPTH_UPDATE_LEVEL_FLOAT_WITH_MILLISECONDS	s_MarketDepthUpdateLevelFloatWithMilliseconds	__SIZE__	0	31
MARKET_DATA_UPDATE_SESSION_SETTLEMENT	s_MarketDataUpdateSessionSettlement	Size	0	2
MARKET_DATA_UPDATE_SESSION_SETTLEMENT	s_MarketDataUpdateSessionSettlement	Type	2	2
MARKET_DATA_UPDATE_SESSION_SETTLEMENT	s_MarketDataUpdateSessionSettlement	SymbolID	4	4
MARKET_DATA_UPDATE_SESSION_SETTLEMENT	s_MarketDataUpdateSessionSettlement	Price	8	8
MARKET_DATA_UPDATE_SESSION_SETTLEMENT	s_MarketDataUpdateSessionSettlement	DateTime	16	4
MARKET_DATA_UPDATE_SESSION_SETTLEMENT	s_MarketDataUpdateSessionSettlement	__SIZE__	0	24
MARKET_DATA_UPDATE_SESSION_OPEN	s_MarketDataUpdateSessionOpen	Size	0	2
MARKET_DATA_UPDATE_SESSION_OPEN	s_MarketDataUpdateSessionOpen	Type	2	2
MARKET_DATA_UPDATE_SESSION_OPEN	s_MarketDataUpdateSessionOpen	SymbolID	4	4
MARKET_DATA_UPDATE_SESSION_OPEN	s_MarketDataUpdateSessionOpen	Price	8	8
MARKET_DATA_UPDATE_SESSION_OPEN	s_MarketDataUpdateSessionOpen	TradingSessionDate	16	4
MARKET_DATA_UPDATE_SESSION_OPEN	s_MarketDataUpdateSessionOpen	__SIZE__	0	24
MARKET_DATA_UPDATE_SESSION_NUM_TRADES	s_MarketDataUpdateSessionNumTrades	Size	0	2
MARKET_DATA_UPDATE_SESSION_NUM_TRADES	s_MarketDataUpdateSessionNumTrades	Type	2	2
MARKET_DATA_UPDATE_SESSION_NUM_TRADES	s_MarketDataUpdateSessionNumTrades	SymbolID	4	4
MARKET_DATA_UPDATE_SESSION_NUM_TRADES	s_MarketDataUpdateSessionNumTrades	NumTrades	8	4
MARKET_DATA_UPDATE_SESSION_NUM_TRADES	s_MarketDataUpdateSessionNumTrades	TradingSessionDate	12	4
MARKET_DATA_UPDATE_SESSION_NUM_TRADES	s_MarketDataUpdateSessionNumTrades	__SIZE__	0	16
MARKET_DATA_UPDATE_TRADING_SESSION_DATE	s_MarketDataUpdateTradingSessionDate	Size	0	2
MARKET_DATA_UPDATE_TRADING_SESSION_DATE	s_MarketDataUpdateTradingSessionDate	Type	2	2
MARKET_DATA_UPDATE_TRADING_SESSION_DATE	s_MarketDataUpdateTradingSessionDate	SymbolID	4	4
MARKET_DATA_UPDATE_TRADING_SESSION_DATE	s_MarketDataUpdateTradingSessionDate	Date	8	4
MARKET_DATA_UPDATE_TRADING_SESSION_DATE	s_MarketDataUpdateTradingSessionDate	__SIZE__	0	12
MARKET_DEPTH_REJECT	s_MarketDepthReject	Size	0	2
MARKET_DEPTH_REJECT	s_MarketDepthReject	Type	2	2
MARKET_DEPTH_REJECT	s_MarketDepthReject	SymbolID	4	4
MARKET_DEPTH_REJECT	s_MarketDepthReject	RejectText	8	96
MARKET_DEPTH_REJECT	s_MarketDepthReject	__SIZE__	0	104
MARKET_DATA_UPDATE_TRADE	s_MarketDataUpdateTrade	Size	0	2
MARKET_DATA_UPDATE_TRADE	s_MarketDataUpdateTrade	Type	2	2
MARKET_DATA_UPDATE_TRADE	s_MarketDataUpdateTrade	SymbolID	4	4
MARKET_DATA_UPDATE_TRADE	s_MarketDataUpdateTrade	AtBidOrAsk	8	2
MARKET_DATA_UPDATE_TRADE	s_MarketDataUpdateTrade	Price	16	8
MARKET_DATA_UPDATE_TRADE	s_MarketDataUpdateTrade	Volume	24	8
MARKET_DATA_UPDATE_TRADE	s_MarketDataUpdateTrade	DateTime	32	8
MARKET_DATA_UPDATE_TRADE	s_MarketDataUpdateTrade	__SIZE__	0	40
MARKET_DATA_UPDATE_TRADE_WITH_UNBUNDLED_INDICATOR	s_MarketDataUpdateTradeWithUnbundledIndicator	Size	0	2
MARKET_DATA_UPDATE_TRADE_WITH_UNBUNDLED_INDICATOR	s_MarketDataUpdateTradeWithUnbundledIndicator	Type	2	2
MARKET_DATA_UPDATE_TRADE_WITH_UNBUNDLED_INDICATOR	s_MarketDataUpdateTradeWithUnbundledIndicator	SymbolID	4	4
MARKET_DATA_UPDATE_TRADE_WITH_UNBUNDLED_INDICATOR	s_MarketDataUpdateTradeWithUnbundledIndicator	AtBidOrAsk	8	1
MARKET_DATA_UPDATE_TRADE_WITH_UNBUNDLED_INDICATOR	s_MarketDataUpdateTradeWithUnbundledIndicator	UnbundledTradeIndicator	9	1
MARKET_DATA_UPDATE_TRADE_WITH_UNBUNDLED_INDICATOR	s_MarketDataUpdateTradeWithUnbundledIndicator	TradeCondition	10	1
MARKET_DATA_UPDATE_TRADE_WITH_UNBUNDLED_INDICATOR	s_MarketDataUpdateTradeWithUnbundledIndicator	Reserve_1	11	1
MARKET_DATA_UPDATE_TRADE_WITH_UNBUNDLED_INDICATOR	s_MarketDataUpdateTradeWithUnbundledIndicator	Reserve_2	12	4
MARKET_DATA_UPDATE_TRADE_WITH_UNBUNDLED_INDICATOR	s_MarketDataUpdateTradeWithUnbundledIndicator	Price	16	8
MARKET_DATA_UPDATE_TRADE_WITH_UNBUNDLED_INDICATOR	s_MarketDataUpdateTradeWithUnbundledIndicator	Volume	24	4
MARKET_DATA_UPDATE_TRADE_WITH_UNBUNDLED_INDICATOR	s_MarketDataUpdateTradeWithUnbundledIndicator	Reserve_3	28	4
MARKET_DATA_UPDATE_TRADE_WITH_UNBUNDLED_INDICATOR	s_MarketDataUpdateTradeWithUnbundledIndicator	DateTime	32	8
MARKET_DATA_UPDATE_TRADE_WITH_UNBUNDLED_INDICATOR	s_MarketDataUpdateTradeWithUnbundledIndicator	__SIZE__	0	40
MARKET_DATA_UPDATE_TRADE_WITH_UNBUNDLED_INDICATOR_2	s_MarketDataUpdateTradeWithUnbundledIndicator2	Size	0	2
MARKET_DATA_UPDATE_TRADE_WITH_UNBUNDLED_INDICATOR_2	s_MarketDataUpdateTradeWithUnbundledIndicator2	Type	2	2
MARKET_DATA_UPDATE_TRADE_WITH_UNBUNDLED_INDICATOR_2	s_MarketDataUpdateTradeWithUnbundledIndicator2	SymbolID	4	4
MARKET_DATA_UPDATE_TRADE_WITH_UNBUNDLED_INDICATOR_2	s_MarketDataUpdateTradeWithUnbundledIndicator2	Price	8	4
MARKET_DATA_UPDATE_TRADE_WITH_UNBUNDLED_INDICATOR_2	s_MarketDataUpdateTradeWithUnbundledIndicator2	Volume	12	4
MARKET_DATA_UPDATE_TRADE_WITH_UNBUNDLED_INDICATOR_2	s_MarketDataUpdateTradeWithUnbundledIndicator2	DateTime	16	8
MARKET_DATA_UPDATE_TRADE_WITH_UNBUNDLED_INDICATOR_2	s_MarketDataUpdateTradeWithUnbundledIndicator2	AtBidOrAsk	24	1
MARKET_DATA_UPDATE_TRADE_WITH_UNBUNDLED_INDICATOR_2	s_MarketDataUpdateTradeWithUnbundledIndicator2	UnbundledTradeIndicator	25	1
MARKET_DATA_UPDATE_TRADE_WITH_UNBUNDLED_INDICATOR_2	s_MarketDataUpdateTradeWithUnbundledIndicator2	TradeCondition	26	1
MARKET_DATA_UPDATE_TRADE_WITH_UNBUNDLED_INDICATOR_2	s_MarketDataUpdateTradeWithUnbundledIndicator2	__SIZE__	0	27
MARKET_DATA_UPDATE_TRADE_V2	s_MarketDataUpdateTradeV2	Size	0	2
MARKET_DATA_UPDATE_TRADE_V2	s_MarketDataUpdateTradeV2	Type	2	2
MARKET_DATA_UPDATE_TRADE_V2	s_MarketDataUpdateTradeV2	SymbolID	4	4
MARKET_DATA_UPDATE_TRADE_V2	s_MarketDataUpdateTradeV2	Price	8	8
MARKET_DATA_UPDATE_TRADE_V2	s_MarketDataUpdateTradeV2	Volume	16	8
MARKET_DATA_UPDATE_TRADE_V2	s_MarketDataUpdateTradeV2	DateTime	24	8
MARKET_DATA_UPDATE_TRADE_V2	s_MarketDataUpdateTradeV2	AtBidOrAsk	32	1
MARKET_DATA_UPDATE_TRADE_V2	s_MarketDataUpdateTradeV2	UnbundledTradeIndicator	33	1
MARKET_DATA_UPDATE_TRADE_V2	s_MarketDataUpdateTradeV2	TradeCondition	34	1
MARKET_DATA_UPDATE_TRADE_V2	s_MarketDataUpdateTradeV2	__SIZE__	0	40
MARKET_DATA_UPDATE_BID_ASK	s_MarketDataUpdateBidAsk	Size	0	2
MARKET_DATA_UPDATE_BID_ASK	s_MarketDataUpdateBidAsk	Type	2	2
MARKET_DATA_UPDATE_BID_ASK	s_MarketDataUpdateBidAsk	SymbolID	4	4
MARKET_DATA_UPDATE_BID_ASK	s_MarketDataUpdateBidAsk	BidPrice	8	8
MARKET_DATA_UPDATE_BID_ASK	s_MarketDataUpdateBidAsk	BidQuantity	16	4
MARKET_DATA_UPDATE_BID_ASK	s_MarketDataUpdateBidAsk	AskPrice	24	8
MARKET_DATA_UPDATE_BID_ASK	s_MarketDataUpdateBidAsk	AskQuantity	32	4
MARKET_DATA_UPDATE_BID_ASK	s_MarketDataUpdateBidAsk	DateTime	36	4
MARKET_DATA_UPDATE_BID_ASK	s_MarketDataUpdateBidAsk	__SIZE__	0	40
MARKET_DATA_UPDATE_BID_ASK_COMPACT	s_MarketDataUpdateBidAskCompact	Size	0	2
MARKET_DATA_UPDATE_BID_ASK_COMPACT	s_MarketDataUpdateBidAskCompact	Type	2	2
MARKET_DATA_UPDATE_BID_ASK_COMPACT	s_MarketDataUpdateBidAskCompact	BidPrice	4	4
MARKET_DATA_UPDATE_BID_ASK_COMPACT	s_MarketDataUpdateBidAskCompact	BidQuantity	8	4
MARKET_DATA_UPDATE_BID_ASK_COMPACT	s_MarketDataUpdateBidAskCompact	AskPrice	12	4
MARKET_DATA_UPDATE_BID_ASK_COMPACT	s_MarketDataUpdateBidAskCompact	AskQuantity	16	4
MARKET_DATA_UPDATE_BID_ASK_COMPACT	s_MarketDataUpdateBidAskCompact	DateTime	20	4
MARKET_DATA_UPDATE_BID_ASK_COMPACT	s_MarketDataUpdateBidAskCompact	SymbolID	24	4
MARKET_DATA_UPDATE_BID_ASK_COMPACT	s_MarketDataUpdateBidAskCompact	__SIZE__	0	28
MARKET_DATA_UPDATE_BID_ASK_FLOAT_WITH_MICROSECONDS	s_MarketDataUpdateBidAskFloatWithMicroseconds	Size	0	2
MARKET_DATA_UPDATE_BID_ASK_FLOAT_WITH_MICROSECONDS	s_MarketDataUpdateBidAskFloatWithMicroseconds	Type	2	2
MARKET_DATA_UPDATE_BID_ASK_FLOAT_WITH_MICROSECONDS	s_MarketDataUpdateBidAskFloatWithMicroseconds	SymbolID	4	4
MARKET_DATA_UPDATE_BID_ASK_FLOAT_WITH_MICROSECONDS	s_MarketDataUpdateBidAskFloatWithMicroseconds	BidPrice	8	4
MARKET_DATA_UPDATE_BID_ASK_FLOAT_WITH_MICROSECONDS	s_MarketDataUpdateBidAskFloatWithMicroseconds	BidQuantity	12	4
MARKET_DATA_UPDATE_BID_ASK_FLOAT_WITH_MICROSECONDS	s_MarketDataUpdateBidAskFloatWithMicroseconds	AskPrice	16	4
MARKET_DATA_UPDATE_BID_ASK_FLOAT_WITH_MICROSECONDS	s_MarketDataUpdateBidAskFloatWithMicroseconds	AskQuantity	20	4
MARKET_DATA_UPDATE_BID_ASK_FLOAT_WITH_MICROSECONDS	s_MarketDataUpdateBidAskFloatWithMicroseconds	DateTime	24	8
MARKET_DATA_UPDATE_BID_ASK_FLOAT_WITH_MICROSECONDS	s_MarketDataUpdateBidAskFloatWithMicroseconds	__SIZE__	0	32
MARKET_DATA_UPDATE_BID_ASK_DOUBLE_WITH_MICROSECONDS	s_MarketDataUpdateBidAskV2	Size	0	2
MARKET_DATA_UPDATE_BID_ASK_DOUBLE_WITH_MICROSECONDS	s_MarketDataUpdateBidAskV2	Type	2	2
MARKET_DATA_UPDATE_BID_ASK_DOUBLE_WITH_MICROSECONDS	s_MarketDataUpdateBidAskV2	SymbolID	4	4
MARKET_DATA_UPDATE_BID_ASK_DOUBLE_WITH_MICROSECONDS	s_MarketDataUpdateBidAskV2	BidPrice	8	8
MARKET_DATA_UPDATE_BID_ASK_DOUBLE_WITH_MICROSECONDS	s_MarketDataUpdateBidAskV2	BidQuantity	16	8
MARKET_DATA_UPDATE_BID_ASK_DOUBLE_WITH_MICROSECONDS	s_MarketDataUpdateBidAskV2	AskPrice	24	8
MARKET_DATA_UPDATE_BID_ASK_DOUBLE_WITH_MICROSECONDS	s_MarketDataUpdateBidAskV2	AskQuantity	32	8
MARKET_DATA_UPDATE_BID_ASK_DOUBLE_WITH_MICROSECONDS	s_MarketDataUpdateBidAskV2	DateTime	40	8
MARKET_DATA_UPDATE_BID_ASK_DOUBLE_WITH_MICROSECONDS	s_MarketDataUpdateBidAskV2	__SIZE__	0	48
MARKET_DATA_UPDATE_TRADE_COMPACT	s_MarketDataUpdateTradeCompact	Size	0	2
MARKET_DATA_UPDATE_TRADE_COMPACT	s_MarketDataUpdateTradeCompact	Type	2	2
MARKET_DATA_UPDATE_TRADE_COMPACT	s_MarketDataUpdateTradeCompact	Price	4	4
MARKET_DATA_UPDATE_TRADE_COMPACT	s_MarketDataUpdateTradeCompact	Volume	8	4
MARKET_DATA_UPDATE_TRADE_COMPACT	s_MarketDataUpdateTradeCompact	DateTime	12	4
MARKET_DATA_UPDATE_TRADE_COMPACT	s_MarketDataUpdateTradeCompact	SymbolID	16	4
MARKET_DATA_UPDATE_TRADE_COMPACT	s_MarketDataUpdateTradeCompact	AtBidOrAsk	20	2
MARKET_DATA_UPDATE_TRADE_COMPACT	s_MarketDataUpdateTradeCompact	__SIZE__	0	24
MARKET_DATA_UPDATE_SESSION_VOLUME	s_MarketDataUpdateSessionVolume	Size	0	2
MARKET_DATA_UPDATE_SESSION_VOLUME	s_MarketDataUpdateSessionVolume	Type	2	2
MARKET_DATA_UPDATE_SESSION_VOLUME	s_MarketDataUpdateSessionVolume	SymbolID	4	4
MARKET_DATA_UPDATE_SESSION_VOLUME	s_MarketDataUpdateSessionVolume	Volume	8	8
MARKET_DATA_UPDATE_SESSION_VOLUME	s_MarketDataUpdateSessionVolume	TradingSessionDate	16	4
MARKET_DATA_UPDATE_SESSION_VOLUME	s_MarketDataUpdateSessionVolume	IsFinalSessionVolume	20	1
MARKET_DATA_UPDATE_SESSION_VOLUME	s_MarketDataUpdateSessionVolume	__SIZE__	0	24
MARKET_DATA_UPDATE_OPEN_INTEREST	s_MarketDataUpdateOpenInterest	Size	0	2
MARKET_DATA_UPDATE_OPEN_INTEREST	s_MarketDataUpdateOpenInterest	Type	2	2
MARKET_DATA_UPDATE_OPEN_INTEREST	s_MarketDataUpdateOpenInterest	SymbolID	4	4
MARKET_DATA_UPDATE_OPEN_INTEREST	s_MarketDataUpdateOpenInterest	OpenInterest	8	4
MARKET_DATA_UPDATE_OPEN_INTEREST	s_MarketDataUpdateOpenInterest	TradingSessionDate	12	4
MARKET_DATA_UPDATE_OPEN_INTEREST	s_MarketDataUpdateOpenInterest	__SIZE__	0	16
MARKET_DATA_UPDATE_SESSION_HIGH	s_MarketDataUpdateSessionHigh	Size	0	2
MARKET_DATA_UPDATE_SESSION_HIGH	s_MarketDataUpdateSessionHigh	Type	2	2
MARKET_DATA_UPDATE_SESSION_HIGH	s_MarketDataUpdateSessionHigh	SymbolID	4	4
MARKET_DATA_UPDATE_SESSION_HIGH	s_MarketDataUpdateSessionHigh	Price	8	8
MARKET_DATA_UPDATE_SESSION_HIGH	s_MarketDataUpdateSessionHigh	TradingSessionDate	16	4
MARKET_DATA_UPDATE_SESSION_HIGH	s_MarketDataUpdateSessionHigh	__SIZE__	0	24
MARKET_DATA_UPDATE_SESSION_LOW	s_MarketDataUpdateSessionLow	Size	0	2
MARKET_DATA_UPDATE_SESSION_LOW	s_MarketDataUpdateSessionLow	Type	2	2
MARKET_DATA_UPDATE_SESSION_LOW	s_MarketDataUpdateSessionLow	SymbolID	4	4
MARKET_DATA_UPDATE_SESSION_LOW	s_MarketDataUpdateSessionLow	Price	8	8
MARKET_DATA_UPDATE_SESSION_LOW	s_MarketDataUpdateSessionLow	TradingSessionDate	16	4
MARKET_DATA_UPDATE_SESSION_LOW	s_MarketDataUpdateSessionLow	__SIZE__	0	24
MARKET_DATA_UPDATE_LAST_TRADE_SNAPSHOT	s_MarketDataUpdateLastTradeSnapshot	Size	0	2
MARKET_DATA_UPDATE_LAST_TRADE_SNAPSHOT	s_MarketDataUpdateLastTradeSnapshot	Type	2	2
MARKET_DATA_UPDATE_LAST_TRADE_SNAPSHOT	s_MarketDataUpdateLastTradeSnapshot	SymbolID	4	4
MARKET_DATA_UPDATE_LAST_TRADE_SNAPSHOT	s_MarketDataUpdateLastTradeSnapshot	LastTradePrice	8	8
MARKET_DATA_UPDATE_LAST_TRADE_SNAPSHOT	s_MarketDataUpdateLastTradeSnapshot	LastTradeVolume	16	8
MARKET_DATA_UPDATE_LAST_TRADE_SNAPSHOT	s_MarketDataUpdateLastTradeSnapshot	LastTradeDateTime	24	8
MARKET_DATA_UPDATE_LAST_TRADE_SNAPSHOT	s_MarketDataUpdateLastTradeSnapshot	__SIZE__	0	32
MARKET_ORDERS_REQUEST	s_MarketOrdersRequest	Size	0	2
MARKET_ORDERS_REQUEST	s_MarketOrdersRequest	Type	2	2
MARKET_ORDERS_REQUEST	s_MarketOrdersRequest	RequestAction	4	4
MARKET_ORDERS_REQUEST	s_MarketOrdersRequest	SymbolID	8	4
MARKET_ORDERS_REQUEST	s_MarketOrdersRequest	Symbol	12	64
MARKET_ORDERS_REQUEST	s_MarketOrdersRequest	Exchange	76	16
MARKET_ORDERS_REQUEST	s_MarketOrdersRequest	SendQuantitiesGreaterOrEqualTo	92	4
MARKET_ORDERS_REQUEST	s_MarketOrdersRequest	__SIZE__	0	96
MARKET_ORDERS_REJECT	s_MarketOrdersReject	Size	0	2
MARKET_ORDERS_REJECT	s_MarketOrdersReject	Type	2	2
MARKET_ORDERS_REJECT	s_MarketOrdersReject	SymbolID	4	4
MARKET_ORDERS_REJECT	s_MarketOrdersReject	RejectText	8	96
MARKET_ORDERS_REJECT	s_MarketOrdersReject	__SIZE__	0	104
MARKET_ORDERS_ADD	s_MarketOrdersAdd	Size	0	2
MARKET_ORDERS_ADD	s_MarketOrdersAdd	Type	2	2
MARKET_ORDERS_ADD	s_MarketOrdersAdd	SymbolID	4	4
MARKET_ORDERS_ADD	s_MarketOrdersAdd	Side	8	4
MARKET_ORDERS_ADD	s_MarketOrdersAdd	Quantity	12	4
MARKET_ORDERS_ADD	s_MarketOrdersAdd	Price	16	8
MARKET_ORDERS_ADD	s_MarketOrdersAdd	OrderID	24	8
MARKET_ORDERS_ADD	s_MarketOrdersAdd	DateTime	32	8
MARKET_ORDERS_ADD	s_MarketOrdersAdd	__SIZE__	0	40
MARKET_ORDERS_MODIFY	s_MarketOrdersModify	Size	0	2
MARKET_ORDERS_MODIFY	s_MarketOrdersModify	Type	2	2
MARKET_ORDERS_MODIFY	s_MarketOrdersModify	SymbolID	4	4
MARKET_ORDERS_MODIFY	s_MarketOrdersModify	Side	8	4
MARKET_ORDERS_MODIFY	s_MarketOrdersModify	Quantity	12	4
MARKET_ORDERS_MODIFY	s_MarketOrdersModify	Price	16	8
MARKET_ORDERS_MODIFY	s_MarketOrdersModify	OrderID	24	8
MARKET_ORDERS_MODIFY	s_MarketOrdersModify	PriorPrice	32	8
MARKET_ORDERS_MODIFY	s_MarketOrdersModify	PriorQuantity	40	4
MARKET_ORDERS_MODIFY	s_MarketOrdersModify	PriorOrderID	44	8
MARKET_ORDERS_MODIFY	s_MarketOrdersModify	DateTime	52	8
MARKET_ORDERS_MODIFY	s_MarketOrdersModify	__SIZE__	0	60
MARKET_ORDERS_REMOVE	s_MarketOrdersRemove	Size	0	2
MARKET_ORDERS_REMOVE	s_MarketOrdersRemove	Type	2	2
MARKET_ORDERS_REMOVE	s_MarketOrdersRemove	SymbolID	4	4
MARKET_ORDERS_REMOVE	s_MarketOrdersRemove	Quantity	8	4
MARKET_ORDERS_REMOVE	s_MarketOrdersRemove	Price	12	8
MARKET_ORDERS_REMOVE	s_MarketOrdersRemove	OrderID	20	8
MARKET_ORDERS_REMOVE	s_MarketOrdersRemove	DateTime	28	8
MARKET_ORDERS_REMOVE	s_MarketOrdersRemove	Side	36	4
MARKET_ORDERS_REMOVE	s_MarketOrdersRemove	__SIZE__	0	40
MARKET_ORDERS_SNAPSHOT_MESSAGE_BOUNDARY	s_MarketOrdersSnapshotMessageBoundary	Size	0	2
MARKET_ORDERS_SNAPSHOT_MESSAGE_BOUNDARY	s_MarketOrdersSnapshotMessageBoundary	Type	2	2
MARKET_ORDERS_SNAPSHOT_MESSAGE_BOUNDARY	s_MarketOrdersSnapshotMessageBoundary	SymbolID	4	4
MARKET_ORDERS_SNAPSHOT_MESSAGE_BOUNDARY	s_MarketOrdersSnapshotMessageBoundary	MessageBoundary	8	1
MARKET_ORDERS_SNAPSHOT_MESSAGE_BOUNDARY	s_MarketOrdersSnapshotMessageBoundary	__SIZE__	0	9
SUBMIT_NEW_SINGLE_ORDER	s_SubmitNewSingleOrder	Size	0	2
SUBMIT_NEW_SINGLE_ORDER	s_SubmitNewSingleOrder	Type	2	2
SUBMIT_NEW_SINGLE_ORDER	s_SubmitNewSingleOrder	Symbol	4	64
SUBMIT_NEW_SINGLE_ORDER	s_SubmitNewSingleOrder	Exchange	68	16
SUBMIT_NEW_SINGLE_ORDER	s_SubmitNewSingleOrder	TradeAccount	84	32
SUBMIT_NEW_SINGLE_ORDER	s_SubmitNewSingleOrder	ClientOrderID	116	32
SUBMIT_NEW_SINGLE_ORDER	s_SubmitNewSingleOrder	OrderType	148	4
SUBMIT_NEW_SINGLE_ORDER	s_SubmitNewSingleOrder	BuySell	152	4
SUBMIT_NEW_SINGLE_ORDER	s_SubmitNewSingleOrder	Price1	160	8
SUBMIT_NEW_SINGLE_ORDER	s_SubmitNewSingleOrder	Price2	168	8
SUBMIT_NEW_SINGLE_ORDER	s_SubmitNewSingleOrder	Quantity	176	8
SUBMIT_NEW_SINGLE_ORDER	s_SubmitNewSingleOrder	TimeInForce	184	4
SUBMIT_NEW_SINGLE_ORDER	s_SubmitNewSingleOrder	GoodTillDateTime	192	8
SUBMIT_NEW_SINGLE_ORDER	s_SubmitNewSingleOrder	IsAutomatedOrder	200	1
SUBMIT_NEW_SINGLE_ORDER	s_SubmitNewSingleOrder	IsParentOrder	201	1
SUBMIT_NEW_SINGLE_ORDER	s_SubmitNewSingleOrder	FreeFormText	202	48
SUBMIT_NEW_SINGLE_ORDER	s_SubmitNewSingleOrder	OpenOrClose	252	4
SUBMIT_NEW_SINGLE_ORDER	s_SubmitNewSingleOrder	MaxShowQuantity	256	8
SUBMIT_NEW_SINGLE_ORDER	s_SubmitNewSingleOrder	Price1AsString	264	16
SUBMIT_NEW_SINGLE_ORDER	s_SubmitNewSingleOrder	Price2AsString	280	16
SUBMIT_NEW_SINGLE_ORDER	s_SubmitNewSingleOrder	IntendedPositionQuantity	296	8
SUBMIT_NEW_SINGLE_ORDER	s_SubmitNewSingleOrder	__SIZE__	0	304
SUBMIT_FLATTEN_POSITION_ORDER	s_SubmitFlattenPositionOrder	Size	0	2
SUBMIT_FLATTEN_POSITION_ORDER	s_SubmitFlattenPositionOrder	Type	2	2
SUBMIT_FLATTEN_POSITION_ORDER	s_SubmitFlattenPositionOrder	Symbol	4	64
SUBMIT_FLATTEN_POSITION_ORDER	s_SubmitFlattenPositionOrder	Exchange	68	16
SUBMIT_FLATTEN_POSITION_ORDER	s_SubmitFlattenPositionOrder	TradeAccount	84	32
SUBMIT_FLATTEN_POSITION_ORDER	s_SubmitFlattenPositionOrder	ClientOrderID	116	32
SUBMIT_FLATTEN_POSITION_ORDER	s_SubmitFlattenPositionOrder	FreeFormText	148	48
SUBMIT_FLATTEN_POSITION_ORDER	s_SubmitFlattenPositionOrder	IsAutomatedOrder	196	1
SUBMIT_FLATTEN_POSITION_ORDER	s_SubmitFlattenPositionOrder	__SIZE__	0	198
CANCEL_REPLACE_ORDER	s_CancelReplaceOrder	Size	0	2
CANCEL_REPLACE_ORDER	s_CancelReplaceOrder	Type	2	2
CANCEL_REPLACE_ORDER	s_CancelReplaceOrder	ServerOrderID	4	32
CANCEL_REPLACE_ORDER	s_CancelReplaceOrder	ClientOrderID	36	32
CANCEL_REPLACE_ORDER	s_CancelReplaceOrder	Price1	72	8
CANCEL_REPLACE_ORDER	s_CancelReplaceOrder	Price2	80	8
CANCEL_REPLACE_ORDER	s_CancelReplaceOrder	Quantity	88	8
CANCEL_REPLACE_ORDER	s_CancelReplaceOrder	Price1IsSet	96	1
CANCEL_REPLACE_ORDER	s_CancelReplaceOrder	Price2IsSet	97	1
CANCEL_REPLACE_ORDER	s_CancelReplaceOrder	Unused	100	4
CANCEL_REPLACE_ORDER	s_CancelReplaceOrder	TimeInForce	104	4
CANCEL_REPLACE_ORDER	s_CancelReplaceOrder	GoodTillDateTime	112	8
CANCEL_REPLACE_ORDER	s_CancelReplaceOrder	UpdatePrice1OffsetToParent	120	1
CANCEL_REPLACE_ORDER	s_CancelReplaceOrder	TradeAccount	121	32
CANCEL_REPLACE_ORDER	s_CancelReplaceOrder	Price1AsString	153	16
CANCEL_REPLACE_ORDER	s_CancelReplaceOrder	Price2AsString	169	16
CANCEL_REPLACE_ORDER	s_CancelReplaceOrder	__SIZE__	0	192
CANCEL_ORDER	s_CancelOrder	Size	0	2
CANCEL_ORDER	s_CancelOrder	Type	2	2
CANCEL_ORDER	s_CancelOrder	ServerOrderID	4	32
CANCEL_ORDER	s_CancelOrder	ClientOrderID	36	32
CANCEL_ORDER	s_CancelOrder	TradeAccount	68	32
CANCEL_ORDER	s_CancelOrder	__SIZE__	0	100
SUBMIT_NEW_OCO_ORDER	s_SubmitNewOCOOrder	Size	0	2
SUBMIT_NEW_OCO_ORDER	s_SubmitNewOCOOrder	Type	2	2
SUBMIT_NEW_OCO_ORDER	s_SubmitNewOCOOrder	Symbol	4	64
SUBMIT_NEW_OCO_ORDER	s_SubmitNewOCOOrder	Exchange	68	16
SUBMIT_NEW_OCO_ORDER	s_SubmitNewOCOOrder	ClientOrderID_1	84	32
SUBMIT_NEW_OCO_ORDER	s_SubmitNewOCOOrder	OrderType_1	116	4
SUBMIT_NEW_OCO_ORDER	s_SubmitNewOCOOrder	BuySell_1	120	4
SUBMIT_NEW_OCO_ORDER	s_SubmitNewOCOOrder	Price1_1	128	8
SUBMIT_NEW_OCO_ORDER	s_SubmitNewOCOOrder	Price2_1	136	8
SUBMIT_NEW_OCO_ORDER	s_SubmitNewOCOOrder	Quantity_1	144	8
SUBMIT_NEW_OCO_ORDER	s_SubmitNewOCOOrder	ClientOrderID_2	152	32
SUBMIT_NEW_OCO_ORDER	s_SubmitNewOCOOrder	OrderType_2	184	4
SUBMIT_NEW_OCO_ORDER	s_SubmitNewOCOOrder	BuySell_2	188	4
SUBMIT_NEW_OCO_ORDER	s_SubmitNewOCOOrder	Price1_2	192	8
SUBMIT_NEW_OCO_ORDER	s_SubmitNewOCOOrder	Price2_2	200	8
SUBMIT_NEW_OCO_ORDER	s_SubmitNewOCOOrder	Quantity_2	208	8
SUBMIT_NEW_OCO_ORDER	s_SubmitNewOCOOrder	TimeInForce	216	4
SUBMIT_NEW_OCO_ORDER	s_SubmitNewOCOOrder	GoodTillDateTime	224	8
SUBMIT_NEW_OCO_ORDER	s_SubmitNewOCOOrder	TradeAccount	232	32
SUBMIT_NEW_OCO_ORDER	s_SubmitNewOCOOrder	IsAutomatedOrder	264	1
SUBMIT_NEW_OCO_ORDER	s_SubmitNewOCOOrder	ParentTriggerClientOrderID	265	32
SUBMIT_NEW_OCO_ORDER	s_SubmitNewOCOOrder	FreeFormText	297	48
SUBMIT_NEW_OCO_ORDER	s_SubmitNewOCOOrder	OpenOrClose	348	4
SUBMIT_NEW_OCO_ORDER	s_SubmitNewOCOOrder	PartialFillHandling	352	1
SUBMIT_NEW_OCO_ORDER	s_SubmitNewOCOOrder	UseOffsets	353	1
SUBMIT_NEW_OCO_ORDER	s_SubmitNewOCOOrder	OffsetFromParent1	360	8
SUBMIT_NEW_OCO_ORDER	s_SubmitNewOCOOrder	OffsetFromParent2	368	8
SUBMIT_NEW_OCO_ORDER	s_SubmitNewOCOOrder	MaintainSamePricesOnParentFill	376	1
SUBMIT_NEW_OCO_ORDER	s_SubmitNewOCOOrder	Price1_1AsString	377	16
SUBMIT_NEW_OCO_ORDER	s_SubmitNewOCOOrder	Price2_1AsString	393	16
SUBMIT_NEW_OCO_ORDER	s_SubmitNewOCOOrder	Price1_2AsString	409	16
SUBMIT_NEW_OCO_ORDER	s_SubmitNewOCOOrder	Price2_2AsString	425	16
SUBMIT_NEW_OCO_ORDER	s_SubmitNewOCOOrder	__SIZE__	0	448
OPEN_ORDERS_REQUEST	s_OpenOrdersRequest	Size	0	2
OPEN_ORDERS_REQUEST	s_OpenOrdersRequest	Type	2	2
OPEN_ORDERS_REQUEST	s_OpenOrdersRequest	RequestID	4	4
OPEN_ORDERS_REQUEST	s_OpenOrdersRequest	RequestAllOrders	8	4
OPEN_ORDERS_REQUEST	s_OpenOrdersRequest	ServerOrderID	12	32
OPEN_ORDERS_REQUEST	s_OpenOrdersRequest	TradeAccount	44	32
OPEN_ORDERS_REQUEST	s_OpenOrdersRequest	__SIZE__	0	76
HISTORICAL_ORDER_FILLS_REQUEST	s_HistoricalOrderFillsRequest	Size	0	2
HISTORICAL_ORDER_FILLS_REQUEST	s_HistoricalOrderFillsRequest	Type	2	2
HISTORICAL_ORDER_FILLS_REQUEST	s_HistoricalOrderFillsRequest	RequestID	4	4
HISTORICAL_ORDER_FILLS_REQUEST	s_HistoricalOrderFillsRequest	ServerOrderID	8	32
HISTORICAL_ORDER_FILLS_REQUEST	s_HistoricalOrderFillsRequest	NumberOfDays	40	4
HISTORICAL_ORDER_FILLS_REQUEST	s_HistoricalOrderFillsRequest	TradeAccount	44	32
HISTORICAL_ORDER_FILLS_REQUEST	s_HistoricalOrderFillsRequest	StartDateTime	80	8
HISTORICAL_ORDER_FILLS_REQUEST	s_HistoricalOrderFillsRequest	__SIZE__	0	88
HISTORICAL_ORDER_FILLS_REJECT	s_HistoricalOrderFillsReject	Size	0	2
HISTORICAL_ORDER_FILLS_REJECT	s_HistoricalOrderFillsReject	Type	2	2
HISTORICAL_ORDER_FILLS_REJECT	s_HistoricalOrderFillsReject	RequestID	4	4
HISTORICAL_ORDER_FILLS_REJECT	s_HistoricalOrderFillsReject	RejectText	8	96
HISTORICAL_ORDER_FILLS_REJECT	s_HistoricalOrderFillsReject	__SIZE__	0	104
CURRENT_POSITIONS_REQUEST	s_CurrentPositionsRequest	Size	0	2
CURRENT_POSITIONS_REQUEST	s_CurrentPositionsRequest	Type	2	2
CURRENT_POSITIONS_REQUEST	s_CurrentPositionsRequest	RequestID	4	4
CURRENT_POSITIONS_REQUEST	s_CurrentPositionsRequest	TradeAccount	8	32
CURRENT_POSITIONS_REQUEST	s_CurrentPositionsRequest	__SIZE__	0	40
CURRENT_POSITIONS_REJECT	s_CurrentPositionsReject	Size	0	2
CURRENT_POSITIONS_REJECT	s_CurrentPositionsReject	Type	2	2
CURRENT_POSITIONS_REJECT	s_CurrentPositionsReject	RequestID	4	4
CURRENT_POSITIONS_REJECT	s_CurrentPositionsReject	RejectText	8	96
CURRENT_POSITIONS_REJECT	s_CurrentPositionsReject	__SIZE__	0	104
ORDER_UPDATE	s_OrderUpdate	Size	0	2
ORDER_UPDATE	s_OrderUpdate	Type	2	2
ORDER_UPDATE	s_OrderUpdate	RequestID	4	4
ORDER_UPDATE	s_OrderUpdate	TotalNumMessages	8	4
ORDER_UPDATE	s_OrderUpdate	MessageNumber	12	4
ORDER_UPDATE	s_OrderUpdate	Symbol	16	64
ORDER_UPDATE	s_OrderUpdate	Exchange	80	16
ORDER_UPDATE	s_OrderUpdate	PreviousServerOrderID	96	32
ORDER_UPDATE	s_OrderUpdate	ServerOrderID	128	32
ORDER_UPDATE	s_OrderUpdate	ClientOrderID	160	32
ORDER_UPDATE	s_OrderUpdate	ExchangeOrderID	192	32
ORDER_UPDATE	s_OrderUpdate	OrderStatus	224	4
ORDER_UPDATE	s_OrderUpdate	OrderUpdateReason	228	4
ORDER_UPDATE	s_OrderUpdate	OrderType	232	4
ORDER_UPDATE	s_OrderUpdate	BuySell	236	4
ORDER_UPDATE	s_OrderUpdate	Price1	240	8
ORDER_UPDATE	s_OrderUpdate	Price2	248	8
ORDER_UPDATE	s_OrderUpdate	TimeInForce	256	4
ORDER_UPDATE	s_OrderUpdate	GoodTillDateTime	264	8
ORDER_UPDATE	s_OrderUpdate	OrderQuantity	272	8
ORDER_UPDATE	s_OrderUpdate	FilledQuantity	280	8
ORDER_UPDATE	s_OrderUpdate	RemainingQuantity	288	8
ORDER_UPDATE	s_OrderUpdate	AverageFillPrice	296	8
ORDER_UPDATE	s_OrderUpdate	LastFillPrice	304	8
ORDER_UPDATE	s_OrderUpdate	LastFillDateTime	312	8
ORDER_UPDATE	s_OrderUpdate	LastFillQuantity	320	8
ORDER_UPDATE	s_OrderUpdate	LastFillExecutionID	328	64
ORDER_UPDATE	s_OrderUpdate	TradeAccount	392	32
ORDER_UPDATE	s_OrderUpdate	InfoText	424	96
ORDER_UPDATE	s_OrderUpdate	NoOrders	520	1
ORDER_UPDATE	s_OrderUpdate	ParentServerOrderID	521	32
ORDER_UPDATE	s_OrderUpdate	OCOLinkedOrderServerOrderID	553	32
ORDER_UPDATE	s_OrderUpdate	OpenOrClose	588	4
ORDER_UPDATE	s_OrderUpdate	PreviousClientOrderID	592	32
ORDER_UPDATE	s_OrderUpdate	FreeFormText	624	48
ORDER_UPDATE	s_OrderUpdate	OrderReceivedDateTime	672	8
ORDER_UPDATE	s_OrderUpdate	LatestTransactionDateTime	680	8
ORDER_UPDATE	s_OrderUpdate	Username	688	32
ORDER_UPDATE	s_OrderUpdate	__SIZE__	0	720
OPEN_ORDERS_REJECT	s_OpenOrdersReject	Size	0	2
OPEN_ORDERS_REJECT	s_OpenOrdersReject	Type	2	2
OPEN_ORDERS_REJECT	s_OpenOrdersReject	RequestID	4	4
OPEN_ORDERS_REJECT	s_OpenOrdersReject	RejectText	8	96
OPEN_ORDERS_REJECT	s_OpenOrdersReject	__SIZE__	0	104
HISTORICAL_ORDER_FILL_RESPONSE	s_HistoricalOrderFillResponse	Size	0	2
HISTORICAL_ORDER_FILL_RESPONSE	s_HistoricalOrderFillResponse	Type	2	2
HISTORICAL_ORDER_FILL_RESPONSE	s_HistoricalOrderFillResponse	RequestID	4	4
HISTORICAL_ORDER_FILL_RESPONSE	s_HistoricalOrderFillResponse	TotalNumberMessages	8	4
HISTORICAL_ORDER_FILL_RESPONSE	s_HistoricalOrderFillResponse	MessageNumber	12	4
HISTORICAL_ORDER_FILL_RESPONSE	s_HistoricalOrderFillResponse	Symbol	16	64
HISTORICAL_ORDER_FILL_RESPONSE	s_HistoricalOrderFillResponse	Exchange	80	16
HISTORICAL_ORDER_FILL_RESPONSE	s_HistoricalOrderFillResponse	ServerOrderID	96	32
HISTORICAL_ORDER_FILL_RESPONSE	s_HistoricalOrderFillResponse	BuySell	128	4
HISTORICAL_ORDER_FILL_RESPONSE	s_HistoricalOrderFillResponse	Price	136	8
HISTORICAL_ORDER_FILL_RESPONSE	s_HistoricalOrderFillResponse	DateTime	144	8
HISTORICAL_ORDER_FILL_RESPONSE	s_HistoricalOrderFillResponse	Quantity	152	8
HISTORICAL_ORDER_FILL_RESPONSE	s_HistoricalOrderFillResponse	UniqueExecutionID	160	64
HISTORICAL_ORDER_FILL_RESPONSE	s_HistoricalOrderFillResponse	TradeAccount	224	32
HISTORICAL_ORDER_FILL_RESPONSE	s_HistoricalOrderFillResponse	OpenClose	256	4
HISTORICAL_ORDER_FILL_RESPONSE	s_HistoricalOrderFillResponse	NoOrderFills	260	1
HISTORICAL_ORDER_FILL_RESPONSE	s_HistoricalOrderFillResponse	InfoText	261	96
HISTORICAL_ORDER_FILL_RESPONSE	s_HistoricalOrderFillResponse	HighPriceDuringPosition	360	8
HISTORICAL_ORDER_FILL_RESPONSE	s_HistoricalOrderFillResponse	LowPriceDuringPosition	368	8
HISTORICAL_ORDER_FILL_RESPONSE	s_HistoricalOrderFillResponse	PositionQuantity	376	8
HISTORICAL_ORDER_FILL_RESPONSE	s_HistoricalOrderFillResponse	Username	384	32
HISTORICAL_ORDER_FILL_RESPONSE	s_HistoricalOrderFillResponse	ExchangeOrderID	416	32
HISTORICAL_ORDER_FILL_RESPONSE	s_HistoricalOrderFillResponse	SenderSubID	448	32
HISTORICAL_ORDER_FILL_RESPONSE	s_HistoricalOrderFillResponse	__SIZE__	0	480
POSITION_UPDATE	s_PositionUpdate	Size	0	2
POSITION_UPDATE	s_PositionUpdate	Type	2	2
POSITION_UPDATE	s_PositionUpdate	RequestID	4	4
POSITION_UPDATE	s_PositionUpdate	TotalNumberMessages	8	4
POSITION_UPDATE	s_PositionUpdate	MessageNumber	12	4
POSITION_UPDATE	s_PositionUpdate	Symbol	16	64
POSITION_UPDATE	s_PositionUpdate	Exchange	80	16
POSITION_UPDATE	s_PositionUpdate	Quantity	96	8
POSITION_UPDATE	s_PositionUpdate	AveragePrice	104	8
POSITION_UPDATE	s_PositionUpdate	PositionIdentifier	112	32
POSITION_UPDATE	s_PositionUpdate	TradeAccount	144	32
POSITION_UPDATE	s_PositionUpdate	NoPositions	176	1
POSITION_UPDATE	s_PositionUpdate	Unsolicited	177	1
POSITION_UPDATE	s_PositionUpdate	MarginRequirement	184	8
POSITION_UPDATE	s_PositionUpdate	EntryDateTime	192	4
POSITION_UPDATE	s_PositionUpdate	OpenProfitLoss	200	8
POSITION_UPDATE	s_PositionUpdate	HighPriceDuringPosition	208	8
POSITION_UPDATE	s_PositionUpdate	LowPriceDuringPosition	216	8
POSITION_UPDATE	s_PositionUpdate	QuantityLimit	224	8
POSITION_UPDATE	s_PositionUpdate	MaxPotentialPostionQuantity	232	8
POSITION_UPDATE	s_PositionUpdate	__SIZE__	0	240
ADD_CORRECTING_ORDER_FILL	s_AddCorrectingOrderFill	Size	0	2
ADD_CORRECTING_ORDER_FILL	s_AddCorrectingOrderFill	Type	2	2
ADD_CORRECTING_ORDER_FILL	s_AddCorrectingOrderFill	Symbol	4	64
ADD_CORRECTING_ORDER_FILL	s_AddCorrectingOrderFill	Exchange	68	16
ADD_CORRECTING_ORDER_FILL	s_AddCorrectingOrderFill	TradeAccount	84	32
ADD_CORRECTING_ORDER_FILL	s_AddCorrectingOrderFill	ClientOrderID	116	32
ADD_CORRECTING_ORDER_FILL	s_AddCorrectingOrderFill	BuySell	148	4
ADD_CORRECTING_ORDER_FILL	s_AddCorrectingOrderFill	FillPrice	152	8
ADD_CORRECTING_ORDER_FILL	s_AddCorrectingOrderFill	FillQuantity	160	8
ADD_CORRECTING_ORDER_FILL	s_AddCorrectingOrderFill	FreeFormText	168	48
ADD_CORRECTING_ORDER_FILL	s_AddCorrectingOrderFill	__SIZE__	0	216
CORRECTING_ORDER_FILL_RESPONSE	s_CorrectingOrderFillResponse	Size	0	2
CORRECTING_ORDER_FILL_RESPONSE	s_CorrectingOrderFillResponse	Type	2	2
CORRECTING_ORDER_FILL_RESPONSE	s_CorrectingOrderFillResponse	ClientOrderID	4	32
CORRECTING_ORDER_FILL_RESPONSE	s_CorrectingOrderFillResponse	ResultText	36	256
CORRECTING_ORDER_FILL_RESPONSE	s_CorrectingOrderFillResponse	IsError	292	1
CORRECTING_ORDER_FILL_RESPONSE	s_CorrectingOrderFillResponse	__SIZE__	0	294
TRADE_ACCOUNTS_REQUEST	s_TradeAccountsRequest	Size	0	2
TRADE_ACCOUNTS_REQUEST	s_TradeAccountsRequest	Type	2	2
TRADE_ACCOUNTS_REQUEST	s_TradeAccountsRequest	RequestID	4	4
TRADE_ACCOUNTS_REQUEST	s_TradeAccountsRequest	__SIZE__	0	8
TRADE_ACCOUNT_RESPONSE	s_TradeAccountResponse	Size	0	2
TRADE_ACCOUNT_RESPONSE	s_TradeAccountResponse	Type	2	2
TRADE_ACCOUNT_RESPONSE	s_TradeAccountResponse	TotalNumberMessages	4	4
TRADE_ACCOUNT_RESPONSE	s_TradeAccountResponse	MessageNumber	8	4
TRADE_ACCOUNT_RESPONSE	s_TradeAccountResponse	TradeAccount	12	32
TRADE_ACCOUNT_RESPONSE	s_TradeAccountResponse	RequestID	44	4
TRADE_ACCOUNT_RESPONSE	s_TradeAccountResponse	TradingIsDisabled	48	4
TRADE_ACCOUNT_RESPONSE	s_TradeAccountResponse	__SIZE__	0	52
EXCHANGE_LIST_REQUEST	s_ExchangeListRequest	Size	0	2
EXCHANGE_LIST_REQUEST	s_ExchangeListRequest	Type	2	2
EXCHANGE_LIST_REQUEST	s_ExchangeListRequest	RequestID	4	4
EXCHANGE_LIST_REQUEST	s_ExchangeListRequest	__SIZE__	0	8
EXCHANGE_LIST_RESPONSE	s_ExchangeListResponse	Size	0	2
EXCHANGE_LIST_RESPONSE	s_ExchangeListResponse	Type	2	2
EXCHANGE_LIST_RESPONSE	s_ExchangeListResponse	RequestID	4	4
EXCHANGE_LIST_RESPONSE	s_ExchangeListResponse	Exchange	8	16
EXCHANGE_LIST_RESPONSE	s_ExchangeListResponse	IsFinalMessage	24	1
EXCHANGE_LIST_RESPONSE	s_ExchangeListResponse	Description	25	48
EXCHANGE_LIST_RESPONSE	s_ExchangeListResponse	__SIZE__	0	76
SYMBOLS_FOR_EXCHANGE_REQUEST	s_SymbolsForExchangeRequest	Size	0	2
SYMBOLS_FOR_EXCHANGE_REQUEST	s_SymbolsForExchangeRequest	Type	2	2
SYMBOLS_FOR_EXCHANGE_REQUEST	s_SymbolsForExchangeRequest	RequestID	4	4
SYMBOLS_FOR_EXCHANGE_REQUEST	s_SymbolsForExchangeRequest	Exchange	8	16
SYMBOLS_FOR_EXCHANGE_REQUEST	s_SymbolsForExchangeRequest	SecurityType	24	4
SYMBOLS_FOR_EXCHANGE_REQUEST	s_SymbolsForExchangeRequest	RequestAction	28	4
SYMBOLS_FOR_EXCHANGE_REQUEST	s_SymbolsForExchangeRequest	Symbol	32	64
SYMBOLS_FOR_EXCHANGE_REQUEST	s_SymbolsForExchangeRequest	__SIZE__	0	96
UNDERLYING_SYMBOLS_FOR_EXCHANGE_REQUEST	s_UnderlyingSymbolsForExchangeRequest	Size	0	2
UNDERLYING_SYMBOLS_FOR_EXCHANGE_REQUEST	s_UnderlyingSymbolsForExchangeRequest	Type	2	2
UNDERLYING_SYMBOLS_FOR_EXCHANGE_REQUEST	s_UnderlyingSymbolsForExchangeRequest	RequestID	4	4
UNDERLYING_SYMBOLS_FOR_EXCHANGE_REQUEST	s_UnderlyingSymbolsForExchangeRequest	Exchange	8	16
UNDERLYING_SYMBOLS_FOR_EXCHANGE_REQUEST	s_UnderlyingSymbolsForExchangeRequest	SecurityType	24	4
UNDERLYING_SYMBOLS_FOR_EXCHANGE_REQUEST	s_UnderlyingSymbolsForExchangeRequest	__SIZE__	0	28
SYMBOLS_FOR_UNDERLYING_REQUEST	s_SymbolsForUnderlyingRequest	Size	0	2
SYMBOLS_FOR_UNDERLYING_REQUEST	s_SymbolsForUnderlyingRequest	Type	2	2
SYMBOLS_FOR_UNDERLYING_REQUEST	s_SymbolsForUnderlyingRequest	RequestID	4	4
SYMBOLS_FOR_UNDERLYING_REQUEST	s_SymbolsForUnderlyingRequest	UnderlyingSymbol	8	32
SYMBOLS_FOR_UNDERLYING_REQUEST	s_SymbolsForUnderlyingRequest	Exchange	40	16
SYMBOLS_FOR_UNDERLYING_REQUEST	s_SymbolsForUnderlyingRequest	SecurityType	56	4
SYMBOLS_FOR_UNDERLYING_REQUEST	s_SymbolsForUnderlyingRequest	__SIZE__	0	60
SYMBOL_SEARCH_REQUEST	s_SymbolSearchRequest	Size	0	2
SYMBOL_SEARCH_REQUEST	s_SymbolSearchRequest	Type	2	2
SYMBOL_SEARCH_REQUEST	s_SymbolSearchRequest	RequestID	4	4
SYMBOL_SEARCH_REQUEST	s_SymbolSearchRequest	SearchText	8	64
SYMBOL_SEARCH_REQUEST	s_SymbolSearchRequest	Exchange	72	16
SYMBOL_SEARCH_REQUEST	s_SymbolSearchRequest	SecurityType	88	4
SYMBOL_SEARCH_REQUEST	s_SymbolSearchRequest	SearchType	92	4
SYMBOL_SEARCH_REQUEST	s_SymbolSearchRequest	__SIZE__	0	96
SECURITY_DEFINITION_FOR_SYMBOL_REQUEST	s_SecurityDefinitionForSymbolRequest	Size	0	2
SECURITY_DEFINITION_FOR_SYMBOL_REQUEST	s_SecurityDefinitionForSymbolRequest	Type	2	2
SECURITY_DEFINITION_FOR_SYMBOL_REQUEST	s_SecurityDefinitionForSymbolRequest	RequestID	4	4
SECURITY_DEFINITION_FOR_SYMBOL_REQUEST	s_SecurityDefinitionForSymbolRequest	Symbol	8	64
SECURITY_DEFINITION_FOR_SYMBOL_REQUEST	s_SecurityDefinitionForSymbolRequest	Exchange	72	16
SECURITY_DEFINITION_FOR_SYMBOL_REQUEST	s_SecurityDefinitionForSymbolRequest	__SIZE__	0	88
SECURITY_DEFINITION_RESPONSE	s_SecurityDefinitionResponse	Size	0	2
SECURITY_DEFINITION_RESPONSE	s_SecurityDefinitionResponse	Type	2	2
SECURITY_DEFINITION_RESPONSE	s_SecurityDefinitionResponse	RequestID	4	4
SECURITY_DEFINITION_RESPONSE	s_SecurityDefinitionResponse	Symbol	8	64
SECURITY_DEFINITION_RESPONSE	s_SecurityDefinitionResponse	Exchange	72	16
SECURITY_DEFINITION_RESPONSE	s_SecurityDefinitionResponse	SecurityType	88	4
SECURITY_DEFINITION_RESPONSE	s_SecurityDefinitionResponse	Description	92	64
SECURITY_DEFINITION_RESPONSE	s_SecurityDefinitionResponse	MinPriceIncrement	156	4
SECURITY_DEFINITION_RESPONSE	s_SecurityDefinitionResponse	PriceDisplayFormat	160	4
SECURITY_DEFINITION_RESPONSE	s_SecurityDefinitionResponse	CurrencyValuePerIncrement	164	4
SECURITY_DEFINITION_RESPONSE	s_SecurityDefinitionResponse	IsFinalMessage	168	1
SECURITY_DEFINITION_RESPONSE	s_SecurityDefinitionResponse	FloatToIntPriceMultiplier	172	4
SECURITY_DEFINITION_RESPONSE	s_SecurityDefinitionResponse	IntToFloatPriceDivisor	176	4
SECURITY_DEFINITION_RESPONSE	s_SecurityDefinitionResponse	UnderlyingSymbol	180	32
SECURITY_DEFINITION_RESPONSE	s_SecurityDefinitionResponse	UpdatesBidAskOnly	212	1
SECURITY_DEFINITION_RESPONSE	s_SecurityDefinitionResponse	StrikePrice	216	4
SECURITY_DEFINITION_RESPONSE	s_SecurityDefinitionResponse	PutOrCall	220	1
SECURITY_DEFINITION_RESPONSE	s_SecurityDefinitionResponse	ShortInterest	224	4
SECURITY_DEFINITION_RESPONSE	s_SecurityDefinitionResponse	SecurityExpirationDate	228	4
SECURITY_DEFINITION_RESPONSE	s_SecurityDefinitionResponse	BuyRolloverInterest	232	4
SECURITY_DEFINITION_RESPONSE	s_SecurityDefinitionResponse	SellRolloverInterest	236	4
SECURITY_DEFINITION_RESPONSE	s_SecurityDefinitionResponse	EarningsPerShare	240	4
SECURITY_DEFINITION_RESPONSE	s_SecurityDefinitionResponse	SharesOutstanding	244	4
SECURITY_DEFINITION_RESPONSE	s_SecurityDefinitionResponse	IntToFloatQuantityDivisor	248	4
SECURITY_DEFINITION_RESPONSE	s_SecurityDefinitionResponse	HasMarketDepthData	252	1
SECURITY_DEFINITION_RESPONSE	s_SecurityDefinitionResponse	DisplayPriceMultiplier	256	4
SECURITY_DEFINITION_RESPONSE	s_SecurityDefinitionResponse	ExchangeSymbol	260	64
SECURITY_DEFINITION_RESPONSE	s_SecurityDefinitionResponse	InitialMarginRequirement	324	4
SECURITY_DEFINITION_RESPONSE	s_SecurityDefinitionResponse	MaintenanceMarginRequirement	328	4
SECURITY_DEFINITION_RESPONSE	s_SecurityDefinitionResponse	Currency	332	8
SECURITY_DEFINITION_RESPONSE	s_SecurityDefinitionResponse	ContractSize	340	4
SECURITY_DEFINITION_RESPONSE	s_SecurityDefinitionResponse	OpenInterest	344	4
SECURITY_DEFINITION_RESPONSE	s_SecurityDefinitionResponse	RolloverDate	348	4
SECURITY_DEFINITION_RESPONSE	s_SecurityDefinitionResponse	IsDelayed	352	1
SECURITY_DEFINITION_RESPONSE	s_SecurityDefinitionResponse	SecurityIdentifier	360	8
SECURITY_DEFINITION_RESPONSE	s_SecurityDefinitionResponse	ProductIdentifier	368	64
SECURITY_DEFINITION_RESPONSE	s_SecurityDefinitionResponse	__SIZE__	0	432
SECURITY_DEFINITION_RESPONSE_V2	s_SecurityDefinitionResponseV2	Size	0	2
SECURITY_DEFINITION_RESPONSE_V2	s_SecurityDefinitionResponseV2	Type	2	2
SECURITY_DEFINITION_RESPONSE_V2	s_SecurityDefinitionResponseV2	RequestID	4	4
SECURITY_DEFINITION_RESPONSE_V2	s_SecurityDefinitionResponseV2	Symbol	8	64
SECURITY_DEFINITION_RESPONSE_V2	s_SecurityDefinitionResponseV2	Exchange	72	16
SECURITY_DEFINITION_RESPONSE_V2	s_SecurityDefinitionResponseV2	SecurityType	88	4
SECURITY_DEFINITION_RESPONSE_V2	s_SecurityDefinitionResponseV2	PriceDisplayFormat	92	4
SECURITY_DEFINITION_RESPONSE_V2	s_SecurityDefinitionResponseV2	Description	96	64
SECURITY_DEFINITION_RESPONSE_V2	s_SecurityDefinitionResponseV2	MinPriceIncrement	160	8
SECURITY_DEFINITION_RESPONSE_V2	s_SecurityDefinitionResponseV2	CurrencyValuePerIncrement	168	8
SECURITY_DEFINITION_RESPONSE_V2	s_SecurityDefinitionResponseV2	FloatToIntPriceMultiplier	176	8
SECURITY_DEFINITION_RESPONSE_V2	s_SecurityDefinitionResponseV2	IntToFloatPriceDivisor	184	8
SECURITY_DEFINITION_RESPONSE_V2	s_SecurityDefinitionResponseV2	UnderlyingSymbol	192	32
SECURITY_DEFINITION_RESPONSE_V2	s_SecurityDefinitionResponseV2	IsFinalMessage	224	1
SECURITY_DEFINITION_RESPONSE_V2	s_SecurityDefinitionResponseV2	UpdatesBidAskOnly	225	1
SECURITY_DEFINITION_RESPONSE_V2	s_SecurityDefinitionResponseV2	PutOrCall	226	1
SECURITY_DEFINITION_RESPONSE_V2	s_SecurityDefinitionResponseV2	HasMarketDepthData	227	1
SECURITY_DEFINITION_RESPONSE_V2	s_SecurityDefinitionResponseV2	SharesOutstanding	228	4
SECURITY_DEFINITION_RESPONSE_V2	s_SecurityDefinitionResponseV2	StrikePrice	232	8
SECURITY_DEFINITION_RESPONSE_V2	s_SecurityDefinitionResponseV2	ShortInterest	240	4
SECURITY_DEFINITION_RESPONSE_V2	s_SecurityDefinitionResponseV2	SecurityExpirationDate	244	4
SECURITY_DEFINITION_RESPONSE_V2	s_SecurityDefinitionResponseV2	BuyRolloverInterest	248	8
SECURITY_DEFINITION_RESPONSE_V2	s_SecurityDefinitionResponseV2	SellRolloverInterest	256	8
SECURITY_DEFINITION_RESPONSE_V2	s_SecurityDefinitionResponseV2	EarningsPerShare	264	8
SECURITY_DEFINITION_RESPONSE_V2	s_SecurityDefinitionResponseV2	IntToFloatQuantityDivisor	272	8
SECURITY_DEFINITION_RESPONSE_V2	s_SecurityDefinitionResponseV2	DisplayPriceMultiplier	280	8
SECURITY_DEFINITION_RESPONSE_V2	s_SecurityDefinitionResponseV2	ExchangeSymbol	288	64
SECURITY_DEFINITION_RESPONSE_V2	s_SecurityDefinitionResponseV2	InitialMarginRequirement	352	8
SECURITY_DEFINITION_RESPONSE_V2	s_SecurityDefinitionResponseV2	MaintenanceMarginRequirement	360	8
SECURITY_DEFINITION_RESPONSE_V2	s_SecurityDefinitionResponseV2	Currency	368	8
SECURITY_DEFINITION_RESPONSE_V2	s_SecurityDefinitionResponseV2	ContractSize	376	8
SECURITY_DEFINITION_RESPONSE_V2	s_SecurityDefinitionResponseV2	OpenInterest	384	4
SECURITY_DEFINITION_RESPONSE_V2	s_SecurityDefinitionResponseV2	RolloverDate	388	4
SECURITY_DEFINITION_RESPONSE_V2	s_SecurityDefinitionResponseV2	SecurityIdentifier	392	8
SECURITY_DEFINITION_RESPONSE_V2	s_SecurityDefinitionResponseV2	ProductIdentifier	400	64
SECURITY_DEFINITION_RESPONSE_V2	s_SecurityDefinitionResponseV2	IsDelayed	464	1
SECURITY_DEFINITION_RESPONSE_V2	s_SecurityDefinitionResponseV2	__SIZE__	0	472
SECURITY_DEFINITION_REJECT	s_SecurityDefinitionReject	Size	0	2
SECURITY_DEFINITION_REJECT	s_SecurityDefinitionReject	Type	2	2
SECURITY_DEFINITION_REJECT	s_SecurityDefinitionReject	RequestID	4	4
SECURITY_DEFINITION_REJECT	s_SecurityDefinitionReject	RejectText	8	96
SECURITY_DEFINITION_REJECT	s_SecurityDefinitionReject	__SIZE__	0	104
ACCOUNT_BALANCE_REQUEST	s_AccountBalanceRequest	Size	0	2
ACCOUNT_BALANCE_REQUEST	s_AccountBalanceRequest	Type	2	2
ACCOUNT_BALANCE_REQUEST	s_AccountBalanceRequest	RequestID	4	4
ACCOUNT_BALANCE_REQUEST	s_AccountBalanceRequest	TradeAccount	8	32
ACCOUNT_BALANCE_REQUEST	s_AccountBalanceRequest	__SIZE__	0	40
ACCOUNT_BALANCE_REJECT	s_AccountBalanceReject	Size	0	2
ACCOUNT_BALANCE_REJECT	s_AccountBalanceReject	Type	2	2
ACCOUNT_BALANCE_REJECT	s_AccountBalanceReject	RequestID	4	4
ACCOUNT_BALANCE_REJECT	s_AccountBalanceReject	RejectText	8	96
ACCOUNT_BALANCE_REJECT	s_AccountBalanceReject	__SIZE__	0	104
ACCOUNT_BALANCE_UPDATE	s_AccountBalanceUpdate	Size	0	2
ACCOUNT_BALANCE_UPDATE	s_AccountBalanceUpdate	Type	2	2
ACCOUNT_BALANCE_UPDATE	s_AccountBalanceUpdate	RequestID	4	4
ACCOUNT_BALANCE_UPDATE	s_AccountBalanceUpdate	CashBalance	8	8
ACCOUNT_BALANCE_UPDATE	s_AccountBalanceUpdate	BalanceAvailableForNewPositions	16	8
ACCOUNT_BALANCE_UPDATE	s_AccountBalanceUpdate	AccountCurrency	24	8
ACCOUNT_BALANCE_UPDATE	s_AccountBalanceUpdate	TradeAccount	32	32
ACCOUNT_BALANCE_UPDATE	s_AccountBalanceUpdate	SecuritiesValue	64	8
ACCOUNT_BALANCE_UPDATE	s_AccountBalanceUpdate	MarginRequirement	72	8
ACCOUNT_BALANCE_UPDATE	s_AccountBalanceUpdate	TotalNumberMessages	80	4
ACCOUNT_BALANCE_UPDATE	s_AccountBalanceUpdate	MessageNumber	84	4
ACCOUNT_BALANCE_UPDATE	s_AccountBalanceUpdate	NoAccountBalances	88	1
ACCOUNT_BALANCE_UPDATE	s_AccountBalanceUpdate	Unsolicited	89	1
ACCOUNT_BALANCE_UPDATE	s_AccountBalanceUpdate	OpenPositionsProfitLoss	96	8
ACCOUNT_BALANCE_UPDATE	s_AccountBalanceUpdate	DailyProfitLoss	104	8
ACCOUNT_BALANCE_UPDATE	s_AccountBalanceUpdate	InfoText	112	96
ACCOUNT_BALANCE_UPDATE	s_AccountBalanceUpdate	TransactionIdentifier	208	8
ACCOUNT_BALANCE_UPDATE	s_AccountBalanceUpdate	DailyNetLossLimit	216	8
ACCOUNT_BALANCE_UPDATE	s_AccountBalanceUpdate	TrailingAccountValueToLimitPositions	224	8
ACCOUNT_BALANCE_UPDATE	s_AccountBalanceUpdate	DailyNetLossLimitReached	232	1
ACCOUNT_BALANCE_UPDATE	s_AccountBalanceUpdate	IsUnderRequiredMargin	233	1
ACCOUNT_BALANCE_UPDATE	s_AccountBalanceUpdate	ClosePositionsAtEndOfDay	234	1
ACCOUNT_BALANCE_UPDATE	s_AccountBalanceUpdate	TradingIsDisabled	235	1
ACCOUNT_BALANCE_UPDATE	s_AccountBalanceUpdate	Description	236	96
ACCOUNT_BALANCE_UPDATE	s_AccountBalanceUpdate	IsUnderRequiredAccountValue	332	1
ACCOUNT_BALANCE_UPDATE	s_AccountBalanceUpdate	TransactionDateTime	336	8
ACCOUNT_BALANCE_UPDATE	s_AccountBalanceUpdate	MarginRequirementFull	344	8
ACCOUNT_BALANCE_UPDATE	s_AccountBalanceUpdate	MarginRequirementFullPositionsOnly	352	8
ACCOUNT_BALANCE_UPDATE	s_AccountBalanceUpdate	PeakMarginRequirement	360	8
ACCOUNT_BALANCE_UPDATE	s_AccountBalanceUpdate	IntroducingBroker	368	32
ACCOUNT_BALANCE_UPDATE	s_AccountBalanceUpdate	OpenPositionsProfitLossBasedOnSettlementPrice	400	8
ACCOUNT_BALANCE_UPDATE	s_AccountBalanceUpdate	LastOrderActivityDateTime	408	8
ACCOUNT_BALANCE_UPDATE	s_AccountBalanceUpdate	__SIZE__	0	416
ACCOUNT_BALANCE_ADJUSTMENT	s_AccountBalanceAdjustment	Size	0	2
ACCOUNT_BALANCE_ADJUSTMENT	s_AccountBalanceAdjustment	Type	2	2
ACCOUNT_BALANCE_ADJUSTMENT	s_AccountBalanceAdjustment	RequestID	4	4
ACCOUNT_BALANCE_ADJUSTMENT	s_AccountBalanceAdjustment	TradeAccount	8	32
ACCOUNT_BALANCE_ADJUSTMENT	s_AccountBalanceAdjustment	CreditAmount	40	8
ACCOUNT_BALANCE_ADJUSTMENT	s_AccountBalanceAdjustment	DebitAmount	48	8
ACCOUNT_BALANCE_ADJUSTMENT	s_AccountBalanceAdjustment	Currency	56	8
ACCOUNT_BALANCE_ADJUSTMENT	s_AccountBalanceAdjustment	Reason	64	96
ACCOUNT_BALANCE_ADJUSTMENT	s_AccountBalanceAdjustment	RecalculateDailyLossLimit	160	1
ACCOUNT_BALANCE_ADJUSTMENT	s_AccountBalanceAdjustment	__SIZE__	0	168
ACCOUNT_BALANCE_ADJUSTMENT_REJECT	s_AccountBalanceAdjustmentReject	Size	0	2
ACCOUNT_BALANCE_ADJUSTMENT_REJECT	s_AccountBalanceAdjustmentReject	Type	2	2
ACCOUNT_BALANCE_ADJUSTMENT_REJECT	s_AccountBalanceAdjustmentReject	RequestID	4	4
ACCOUNT_BALANCE_ADJUSTMENT_REJECT	s_AccountBalanceAdjustmentReject	RejectText	8	96
ACCOUNT_BALANCE_ADJUSTMENT_REJECT	s_AccountBalanceAdjustmentReject	TradeAccount	104	32
ACCOUNT_BALANCE_ADJUSTMENT_REJECT	s_AccountBalanceAdjustmentReject	__SIZE__	0	136
ACCOUNT_BALANCE_ADJUSTMENT_COMPLETE	s_AccountBalanceAdjustmentComplete	Size	0	2
ACCOUNT_BALANCE_ADJUSTMENT_COMPLETE	s_AccountBalanceAdjustmentComplete	Type	2	2
ACCOUNT_BALANCE_ADJUSTMENT_COMPLETE	s_AccountBalanceAdjustmentComplete	RequestID	4	4
ACCOUNT_BALANCE_ADJUSTMENT_COMPLETE	s_AccountBalanceAdjustmentComplete	TransactionID	8	8
ACCOUNT_BALANCE_ADJUSTMENT_COMPLETE	s_AccountBalanceAdjustmentComplete	TradeAccount	16	32
ACCOUNT_BALANCE_ADJUSTMENT_COMPLETE	s_AccountBalanceAdjustmentComplete	NewBalance	48	8
ACCOUNT_BALANCE_ADJUSTMENT_COMPLETE	s_AccountBalanceAdjustmentComplete	__SIZE__	0	56
HISTORICAL_ACCOUNT_BALANCES_REQUEST	s_HistoricalAccountBalancesRequest	Size	0	2
HISTORICAL_ACCOUNT_BALANCES_REQUEST	s_HistoricalAccountBalancesRequest	Type	2	2
HISTORICAL_ACCOUNT_BALANCES_REQUEST	s_HistoricalAccountBalancesRequest	RequestID	4	4
HISTORICAL_ACCOUNT_BALANCES_REQUEST	s_HistoricalAccountBalancesRequest	TradeAccount	8	32
HISTORICAL_ACCOUNT_BALANCES_REQUEST	s_HistoricalAccountBalancesRequest	StartDateTime	40	8
HISTORICAL_ACCOUNT_BALANCES_REQUEST	s_HistoricalAccountBalancesRequest	__SIZE__	0	48
HISTORICAL_ACCOUNT_BALANCES_REJECT	s_HistoricalAccountBalancesReject	Size	0	2
HISTORICAL_ACCOUNT_BALANCES_REJECT	s_HistoricalAccountBalancesReject	Type	2	2
HISTORICAL_ACCOUNT_BALANCES_REJECT	s_HistoricalAccountBalancesReject	RequestID	4	4
HISTORICAL_ACCOUNT_BALANCES_REJECT	s_HistoricalAccountBalancesReject	RejectText	8	96
HISTORICAL_ACCOUNT_BALANCES_REJECT	s_HistoricalAccountBalancesReject	__SIZE__	0	104
HISTORICAL_ACCOUNT_BALANCE_RESPONSE	s_HistoricalAccountBalanceResponse	Size	0	2
HISTORICAL_ACCOUNT_BALANCE_RESPONSE	s_HistoricalAccountBalanceResponse	Type	2	2
HISTORICAL_ACCOUNT_BALANCE_RESPONSE	s_HistoricalAccountBalanceResponse	RequestID	4	4
HISTORICAL_ACCOUNT_BALANCE_RESPONSE	s_HistoricalAccountBalanceResponse	DateTime	8	8
HISTORICAL_ACCOUNT_BALANCE_RESPONSE	s_HistoricalAccountBalanceResponse	CashBalance	16	8
HISTORICAL_ACCOUNT_BALANCE_RESPONSE	s_HistoricalAccountBalanceResponse	AccountCurrency	24	8
HISTORICAL_ACCOUNT_BALANCE_RESPONSE	s_HistoricalAccountBalanceResponse	TradeAccount	32	32
HISTORICAL_ACCOUNT_BALANCE_RESPONSE	s_HistoricalAccountBalanceResponse	IsFinalResponse	64	1
HISTORICAL_ACCOUNT_BALANCE_RESPONSE	s_HistoricalAccountBalanceResponse	NoAccountBalances	65	1
HISTORICAL_ACCOUNT_BALANCE_RESPONSE	s_HistoricalAccountBalanceResponse	InfoText	66	96
HISTORICAL_ACCOUNT_BALANCE_RESPONSE	s_HistoricalAccountBalanceResponse	TransactionId	162	64
HISTORICAL_ACCOUNT_BALANCE_RESPONSE	s_HistoricalAccountBalanceResponse	__SIZE__	0	232
USER_MESSAGE	s_UserMessage	Size	0	2
USER_MESSAGE	s_UserMessage	Type	2	2
USER_MESSAGE	s_UserMessage	UserMessage	4	256
USER_MESSAGE	s_UserMessage	IsPopupMessage	260	1
USER_MESSAGE	s_UserMessage	__SIZE__	0	262
GENERAL_LOG_MESSAGE	s_GeneralLogMessage	Size	0	2
GENERAL_LOG_MESSAGE	s_GeneralLogMessage	Type	2	2
GENERAL_LOG_MESSAGE	s_GeneralLogMessage	MessageText	4	128
GENERAL_LOG_MESSAGE	s_GeneralLogMessage	__SIZE__	0	132
ALERT_MESSAGE	s_AlertMessage	Size	0	2
ALERT_MESSAGE	s_AlertMessage	Type	2	2
ALERT_MESSAGE	s_AlertMessage	MessageText	4	128
ALERT_MESSAGE	s_AlertMessage	TradeAccount	132	32
ALERT_MESSAGE	s_AlertMessage	__SIZE__	0	164
JOURNAL_ENTRY_ADD	s_JournalEntryAdd	Size	0	2
JOURNAL_ENTRY_ADD	s_JournalEntryAdd	Type	2	2
JOURNAL_ENTRY_ADD	s_JournalEntryAdd	JournalEntry	4	256
JOURNAL_ENTRY_ADD	s_JournalEntryAdd	DateTime	264	8
JOURNAL_ENTRY_ADD	s_JournalEntryAdd	__SIZE__	0	272
JOURNAL_ENTRIES_REQUEST	s_JournalEntriesRequest	Size	0	2
JOURNAL_ENTRIES_REQUEST	s_JournalEntriesRequest	Type	2	2
JOURNAL_ENTRIES_REQUEST	s_JournalEntriesRequest	RequestID	4	4
JOURNAL_ENTRIES_REQUEST	s_JournalEntriesRequest	StartDateTime	8	8
JOURNAL_ENTRIES_REQUEST	s_JournalEntriesRequest	__SIZE__	0	16
JOURNAL_ENTRIES_REJECT	s_JournalEntriesReject	Size	0	2
JOURNAL_ENTRIES_REJECT	s_JournalEntriesReject	Type	2	2
JOURNAL_ENTRIES_REJECT	s_JournalEntriesReject	RequestID	4	4
JOURNAL_ENTRIES_REJECT	s_JournalEntriesReject	RejectText	8	96
JOURNAL_ENTRIES_REJECT	s_JournalEntriesReject	__SIZE__	0	104
JOURNAL_ENTRY_RESPONSE	s_JournalEntryResponse	Size	0	2
JOURNAL_ENTRY_RESPONSE	s_JournalEntryResponse	Type	2	2
JOURNAL_ENTRY_RESPONSE	s_JournalEntryResponse	JournalEntry	4	256
JOURNAL_ENTRY_RESPONSE	s_JournalEntryResponse	DateTime	264	8
JOURNAL_ENTRY_RESPONSE	s_JournalEntryResponse	IsFinalResponse	272	1
JOURNAL_ENTRY_RESPONSE	s_JournalEntryResponse	__SIZE__	0	280
HISTORICAL_PRICE_DATA_REQUEST	s_HistoricalPriceDataRequest	Size	0	2
HISTORICAL_PRICE_DATA_REQUEST	s_HistoricalPriceDataRequest	Type	2	2
HISTORICAL_PRICE_DATA_REQUEST	s_HistoricalPriceDataRequest	RequestID	4	4
HISTORICAL_PRICE_DATA_REQUEST	s_HistoricalPriceDataRequest	Symbol	8	64
HISTORICAL_PRICE_DATA_REQUEST	s_HistoricalPriceDataRequest	Exchange	72	16
HISTORICAL_PRICE_DATA_REQUEST	s_HistoricalPriceDataRequest	RecordInterval	88	4
HISTORICAL_PRICE_DATA_REQUEST	s_HistoricalPriceDataRequest	StartDateTime	96	8
HISTORICAL_PRICE_DATA_REQUEST	s_HistoricalPriceDataRequest	EndDateTime	104	8
HISTORICAL_PRICE_DATA_REQUEST	s_HistoricalPriceDataRequest	MaxDaysToReturn	112	4
HISTORICAL_PRICE_DATA_REQUEST	s_HistoricalPriceDataRequest	UseZLibCompression	116	1
HISTORICAL_PRICE_DATA_REQUEST	s_HistoricalPriceDataRequest	RequestDividendAdjustedStockData	117	1
HISTORICAL_PRICE_DATA_REQUEST	s_HistoricalPriceDataRequest	Integer_1	118	2
HISTORICAL_PRICE_DATA_REQUEST	s_HistoricalPriceDataRequest	UseZLibNGCompression	120	1
HISTORICAL_PRICE_DATA_REQUEST	s_HistoricalPriceDataRequest	__SIZE__	0	128
HISTORICAL_PRICE_DATA_RESPONSE_HEADER	s_HistoricalPriceDataResponseHeader	Size	0	2
HISTORICAL_PRICE_DATA_RESPONSE_HEADER	s_HistoricalPriceDataResponseHeader	Type	2	2
HISTORICAL_PRICE_DATA_RESPONSE_HEADER	s_HistoricalPriceDataResponseHeader	RequestID	4	4
HISTORICAL_PRICE_DATA_RESPONSE_HEADER	s_HistoricalPriceDataResponseHeader	RecordInterval	8	4
HISTORICAL_PRICE_DATA_RESPONSE_HEADER	s_HistoricalPriceDataResponseHeader	UseZLibCompression	12	1
HISTORICAL_PRICE_DATA_RESPONSE_HEADER	s_HistoricalPriceDataResponseHeader	NoRecordsToReturn	13	1
HISTORICAL_PRICE_DATA_RESPONSE_HEADER	s_HistoricalPriceDataResponseHeader	IntToFloatPriceDivisor	16	4
HISTORICAL_PRICE_DATA_RESPONSE_HEADER	s_HistoricalPriceDataResponseHeader	UseZLibNGCompression	20	1
HISTORICAL_PRICE_DATA_RESPONSE_HEADER	s_HistoricalPriceDataResponseHeader	__SIZE__	0	24
HISTORICAL_PRICE_DATA_REJECT	s_HistoricalPriceDataReject	Size	0	2
HISTORICAL_PRICE_DATA_REJECT	s_HistoricalPriceDataReject	Type	2	2
HISTORICAL_PRICE_DATA_REJECT	s_HistoricalPriceDataReject	RequestID	4	4
HISTORICAL_PRICE_DATA_REJECT	s_HistoricalPriceDataReject	RejectText	8	96
HISTORICAL_PRICE_DATA_REJECT	s_HistoricalPriceDataReject	RejectReasonCode	104	2
HISTORICAL_PRICE_DATA_REJECT	s_HistoricalPriceDataReject	RetryTimeInSeconds	106	2
HISTORICAL_PRICE_DATA_REJECT	s_HistoricalPriceDataReject	__SIZE__	0	108
HISTORICAL_PRICE_DATA_RECORD_RESPONSE	s_HistoricalPriceDataRecordResponse	Size	0	2
HISTORICAL_PRICE_DATA_RECORD_RESPONSE	s_HistoricalPriceDataRecordResponse	Type	2	2
HISTORICAL_PRICE_DATA_RECORD_RESPONSE	s_HistoricalPriceDataRecordResponse	RequestID	4	4
HISTORICAL_PRICE_DATA_RECORD_RESPONSE	s_HistoricalPriceDataRecordResponse	StartDateTime	8	8
HISTORICAL_PRICE_DATA_RECORD_RESPONSE	s_HistoricalPriceDataRecordResponse	OpenPrice	16	8
HISTORICAL_PRICE_DATA_RECORD_RESPONSE	s_HistoricalPriceDataRecordResponse	HighPrice	24	8
HISTORICAL_PRICE_DATA_RECORD_RESPONSE	s_HistoricalPriceDataRecordResponse	LowPrice	32	8
HISTORICAL_PRICE_DATA_RECORD_RESPONSE	s_HistoricalPriceDataRecordResponse	LastPrice	40	8
HISTORICAL_PRICE_DATA_RECORD_RESPONSE	s_HistoricalPriceDataRecordResponse	Volume	48	8
HISTORICAL_PRICE_DATA_RECORD_RESPONSE	s_HistoricalPriceDataRecordResponse	OpenInterest	56	4
HISTORICAL_PRICE_DATA_RECORD_RESPONSE	s_HistoricalPriceDataRecordResponse	NumTrades	56	4
HISTORICAL_PRICE_DATA_RECORD_RESPONSE	s_HistoricalPriceDataRecordResponse	BidVolume	64	8
HISTORICAL_PRICE_DATA_RECORD_RESPONSE	s_HistoricalPriceDataRecordResponse	AskVolume	72	8
HISTORICAL_PRICE_DATA_RECORD_RESPONSE	s_HistoricalPriceDataRecordResponse	IsFinalRecord	80	1
HISTORICAL_PRICE_DATA_RECORD_RESPONSE	s_HistoricalPriceDataRecordResponse	__SIZE__	0	88
HISTORICAL_PRICE_DATA_TICK_RECORD_RESPONSE	s_HistoricalPriceDataTickRecordResponse	Size	0	2
HISTORICAL_PRICE_DATA_TICK_RECORD_RESPONSE	s_HistoricalPriceDataTickRecordResponse	Type	2	2
HISTORICAL_PRICE_DATA_TICK_RECORD_RESPONSE	s_HistoricalPriceDataTickRecordResponse	RequestID	4	4
HISTORICAL_PRICE_DATA_TICK_RECORD_RESPONSE	s_HistoricalPriceDataTickRecordResponse	DateTime	8	8
HISTORICAL_PRICE_DATA_TICK_RECORD_RESPONSE	s_HistoricalPriceDataTickRecordResponse	AtBidOrAsk	16	2
HISTORICAL_PRICE_DATA_TICK_RECORD_RESPONSE	s_HistoricalPriceDataTickRecordResponse	Price	24	8
HISTORICAL_PRICE_DATA_TICK_RECORD_RESPONSE	s_HistoricalPriceDataTickRecordResponse	Volume	32	8
HISTORICAL_PRICE_DATA_TICK_RECORD_RESPONSE	s_HistoricalPriceDataTickRecordResponse	IsFinalRecord	40	1
HISTORICAL_PRICE_DATA_TICK_RECORD_RESPONSE	s_HistoricalPriceDataTickRecordResponse	__SIZE__	0	48
HISTORICAL_PRICE_DATA_RESPONSE_TRAILER	s_HistoricalPriceDataResponseTrailer	Size	0	2
HISTORICAL_PRICE_DATA_RESPONSE_TRAILER	s_HistoricalPriceDataResponseTrailer	Type	2	2
HISTORICAL_PRICE_DATA_RESPONSE_TRAILER	s_HistoricalPriceDataResponseTrailer	RequestID	4	4
HISTORICAL_PRICE_DATA_RESPONSE_TRAILER	s_HistoricalPriceDataResponseTrailer	FinalRecordLastDateTime	8	8
HISTORICAL_PRICE_DATA_RESPONSE_TRAILER	s_HistoricalPriceDataResponseTrailer	__SIZE__	0	16
HISTORICAL_MARKET_DEPTH_DATA_REQUEST	s_HistoricalMarketDepthDataRequest	Size	0	2
HISTORICAL_MARKET_DEPTH_DATA_REQUEST	s_HistoricalMarketDepthDataRequest	Type	2	2
HISTORICAL_MARKET_DEPTH_DATA_REQUEST	s_HistoricalMarketDepthDataRequest	RequestID	4	4
HISTORICAL_MARKET_DEPTH_DATA_REQUEST	s_HistoricalMarketDepthDataRequest	Symbol	8	64
HISTORICAL_MARKET_DEPTH_DATA_REQUEST	s_HistoricalMarketDepthDataRequest	Exchange	72	16
HISTORICAL_MARKET_DEPTH_DATA_REQUEST	s_HistoricalMarketDepthDataRequest	StartDateTime	88	8
HISTORICAL_MARKET_DEPTH_DATA_REQUEST	s_HistoricalMarketDepthDataRequest	EndDateTime	96	8
HISTORICAL_MARKET_DEPTH_DATA_REQUEST	s_HistoricalMarketDepthDataRequest	UseZLibCompression	104	1
HISTORICAL_MARKET_DEPTH_DATA_REQUEST	s_HistoricalMarketDepthDataRequest	Integer_1	105	1
HISTORICAL_MARKET_DEPTH_DATA_REQUEST	s_HistoricalMarketDepthDataRequest	UseZLibNGCompression	106	1
HISTORICAL_MARKET_DEPTH_DATA_REQUEST	s_HistoricalMarketDepthDataRequest	__SIZE__	0	112
HISTORICAL_MARKET_DEPTH_DATA_RESPONSE_HEADER	s_HistoricalMarketDepthDataResponseHeader	Size	0	2
HISTORICAL_MARKET_DEPTH_DATA_RESPONSE_HEADER	s_HistoricalMarketDepthDataResponseHeader	Type	2	2
HISTORICAL_MARKET_DEPTH_DATA_RESPONSE_HEADER	s_HistoricalMarketDepthDataResponseHeader	RequestID	4	4
HISTORICAL_MARKET_DEPTH_DATA_RESPONSE_HEADER	s_HistoricalMarketDepthDataResponseHeader	UseZLibCompression	8	1
HISTORICAL_MARKET_DEPTH_DATA_RESPONSE_HEADER	s_HistoricalMarketDepthDataResponseHeader	NoRecordsToReturn	9	1
HISTORICAL_MARKET_DEPTH_DATA_RESPONSE_HEADER	s_HistoricalMarketDepthDataResponseHeader	UseZLibNGCompression	10	1
HISTORICAL_MARKET_DEPTH_DATA_RESPONSE_HEADER	s_HistoricalMarketDepthDataResponseHeader	__SIZE__	0	12
HISTORICAL_MARKET_DEPTH_DATA_REJECT	s_HistoricalMarketDepthDataReject	Size	0	2
HISTORICAL_MARKET_DEPTH_DATA_REJECT	s_HistoricalMarketDepthDataReject	Type	2	2
HISTORICAL_MARKET_DEPTH_DATA_REJECT	s_HistoricalMarketDepthDataReject	RequestID	4	4
HISTORICAL_MARKET_DEPTH_DATA_REJECT	s_HistoricalMarketDepthDataReject	RejectText	8	96
HISTORICAL_MARKET_DEPTH_DATA_REJECT	s_HistoricalMarketDepthDataReject	RejectReasonCode	104	2
HISTORICAL_MARKET_DEPTH_DATA_REJECT	s_HistoricalMarketDepthDataReject	__SIZE__	0	108
HISTORICAL_MARKET_DEPTH_DATA_RECORD_RESPONSE	s_HistoricalMarketDepthDataRecordResponse	Size	0	2
HISTORICAL_MARKET_DEPTH_DATA_RECORD_RESPONSE	s_HistoricalMarketDepthDataRecordResponse	Type	2	2
HISTORICAL_MARKET_DEPTH_DATA_RECORD_RESPONSE	s_HistoricalMarketDepthDataRecordResponse	RequestID	4	4
HISTORICAL_MARKET_DEPTH_DATA_RECORD_RESPONSE	s_HistoricalMarketDepthDataRecordResponse	StartDateTime	8	8
HISTORICAL_MARKET_DEPTH_DATA_RECORD_RESPONSE	s_HistoricalMarketDepthDataRecordResponse	Command	16	1
HISTORICAL_MARKET_DEPTH_DATA_RECORD_RESPONSE	s_HistoricalMarketDepthDataRecordResponse	Flags	17	1
HISTORICAL_MARKET_DEPTH_DATA_RECORD_RESPONSE	s_HistoricalMarketDepthDataRecordResponse	NumOrders	18	2
HISTORICAL_MARKET_DEPTH_DATA_RECORD_RESPONSE	s_HistoricalMarketDepthDataRecordResponse	Price	20	4
HISTORICAL_MARKET_DEPTH_DATA_RECORD_RESPONSE	s_HistoricalMarketDepthDataRecordResponse	Quantity	24	4
HISTORICAL_MARKET_DEPTH_DATA_RECORD_RESPONSE	s_HistoricalMarketDepthDataRecordResponse	IsFinalRecord	28	1
HISTORICAL_MARKET_DEPTH_DATA_RECORD_RESPONSE	s_HistoricalMarketDepthDataRecordResponse	__SIZE__	0	32
