message_id	message	official_size	local_size	comparison
1	LOGON_REQUEST	284	284	match
2	LOGON_RESPONSE	256	256	match
3	HEARTBEAT	16	16	match
5	LOGOFF	102	102	match
6	ENCODING_REQUEST	16	16	match
7	ENCODING_RESPONSE	16	16	match
101	MARKET_DATA_REQUEST	96	96	match
103	MARKET_DATA_REJECT	104	104	match
104	MARKET_DATA_SNAPSHOT	144	144	match
134	MARKET_DATA_UPDATE_LAST_TRADE_SNAPSHOT	32	32	match
147	MARKET_DATA_UPDATE_TRADE_V2	40	40	match
148	MARKET_DATA_UPDATE_BID_ASK_DOUBLE_WITH_MICROSECONDS	48	48	match
102	MARKET_DEPTH_REQUEST	96	96	match
121	MARKET_DEPTH_REJECT	104	104	match
122	MARKET_DEPTH_SNAPSHOT_LEVEL	56	56	match
109	MARKET_DEPTH_UPDATE_LEVEL_V2	39	39	match
100	MARKET_DATA_FEED_STATUS	8	8	match
208	SUBMIT_NEW_SINGLE_ORDER	304	304	match
203	CANCEL_ORDER	100	100	match
204	CANCEL_REPLACE_ORDER	192	192	match
300	OPEN_ORDERS_REQUEST	76	76	match
302	OPEN_ORDERS_REJECT	104	104	match
301	ORDER_UPDATE	720	720	match
305	CURRENT_POSITIONS_REQUEST	40	40	match
307	CURRENT_POSITIONS_REJECT	104	104	match
306	POSITION_UPDATE	240	240	match
400	TRADE_ACCOUNTS_REQUEST	8	8	match
401	TRADE_ACCOUNT_RESPONSE	52	52	match
500	EXCHANGE_LIST_REQUEST	8	8	match
501	EXCHANGE_LIST_RESPONSE	76	76	match
502	SYMBOLS_FOR_EXCHANGE_REQUEST	96	96	match
503	UNDERLYING_SYMBOLS_FOR_EXCHANGE_REQUEST	28	28	match
504	SYMBOLS_FOR_UNDERLYING_REQUEST	60	60	match
506	SECURITY_DEFINITION_FOR_SYMBOL_REQUEST	88	88	match
507	SECURITY_DEFINITION_RESPONSE	432	432	match
508	SYMBOL_SEARCH_REQUEST	96	96	match
509	SECURITY_DEFINITION_REJECT	104	104	match
601	ACCOUNT_BALANCE_REQUEST	40	40	match
602	ACCOUNT_BALANCE_REJECT	104	104	match
600	ACCOUNT_BALANCE_UPDATE	416	416	match
800	HISTORICAL_PRICE_DATA_REQUEST	128	128	match
801	HISTORICAL_PRICE_DATA_RESPONSE_HEADER	24	24	match
802	HISTORICAL_PRICE_DATA_REJECT	108	108	match
803	HISTORICAL_PRICE_DATA_RECORD_RESPONSE	88	88	match
804	HISTORICAL_PRICE_DATA_TICK_RECORD_RESPONSE	48	48	match
